source_filename,nb_flows
AbstractOfReportsOfTradeOfVariousCountries,52
AnnalesDuCommerceExterieurCommerceEtNavigationDesPrincipauxPaysEtrangers_1903A19111912,80
AnnalesDuCommerceExterieurFaitsCommerciaux3eSerieAvisDivers_Abyssinie_Fc3,12
AnnalesDuCommerceExterieurFaitsCommerciaux3eSerieAvisDivers_Algerie_Fc1,32
AnnalesDuCommerceExterieurFaitsCommerciaux3eSerieAvisDivers_AmeriqueCentrale_Fc10,2
AnnalesDuCommerceExterieurFaitsCommerciaux3eSerieAvisDivers_AmeriqueCentrale_Fc13,18
AnnalesDuCommerceExterieurFaitsCommerciaux3eSerieAvisDivers_AmeriqueCentrale_Fc14,6
AnnalesDuCommerceExterieurFaitsCommerciaux3eSerieAvisDivers_AmeriqueCentrale_Fc4,26
AnnalesDuCommerceExterieurFaitsCommerciaux3eSerieAvisDivers_AmeriqueCentrale_Fc7,2
AnnalesDuCommerceExterieurFaitsCommerciaux3eSerieAvisDivers_AmeriqueCentrale_Fc8,10
AnnalesDuCommerceExterieurFaitsCommerciaux3eSerieAvisDivers_AmeriqueCentrale_Fc9,4
AnnalesDuCommerceExterieurFaitsCommerciaux3eSerieAvisDivers_AssociationAllemande_Fc1,104
AnnalesDuCommerceExterieurFaitsCommerciaux3eSerieAvisDivers_AssociationAllemande_Fc10,68
AnnalesDuCommerceExterieurFaitsCommerciaux3eSerieAvisDivers_AssociationAllemande_Fc11,53
AnnalesDuCommerceExterieurFaitsCommerciaux3eSerieAvisDivers_AssociationAllemande_Fc12,46
AnnalesDuCommerceExterieurFaitsCommerciaux3eSerieAvisDivers_AssociationAllemande_Fc17,22
AnnalesDuCommerceExterieurFaitsCommerciaux3eSerieAvisDivers_AssociationAllemande_Fc19,18
AnnalesDuCommerceExterieurFaitsCommerciaux3eSerieAvisDivers_AssociationAllemande_Fc31,32
AnnalesDuCommerceExterieurFaitsCommerciaux3eSerieAvisDivers_AssociationAllemande_Fc32,33
AnnalesDuCommerceExterieurFaitsCommerciaux3eSerieAvisDivers_AssociationAllemande_Fc35,142
AnnalesDuCommerceExterieurFaitsCommerciaux3eSerieAvisDivers_AssociationAllemande_Fc4,98
AnnalesDuCommerceExterieurFaitsCommerciaux3eSerieAvisDivers_AssociationAllemande_Fc5,22
AnnalesDuCommerceExterieurFaitsCommerciaux3eSerieAvisDivers_AssociationAllemande_Fc6,26
AnnalesDuCommerceExterieurFaitsCommerciaux3eSerieAvisDivers_AssociationAllemande_Fc9,102
AnnalesDuCommerceExterieurFaitsCommerciaux3eSerieAvisDivers_AustralieEtOceanie_Fc1,10
AnnalesDuCommerceExterieurFaitsCommerciaux3eSerieAvisDivers_AustralieEtOceanie_Fc3,10
AnnalesDuCommerceExterieurFaitsCommerciaux3eSerieAvisDivers_Autriche_Fc10,80
AnnalesDuCommerceExterieurFaitsCommerciaux3eSerieAvisDivers_Autriche_Fc13,21
AnnalesDuCommerceExterieurFaitsCommerciaux3eSerieAvisDivers_Autriche_Fc17,58
AnnalesDuCommerceExterieurFaitsCommerciaux3eSerieAvisDivers_Autriche_Fc18,88
AnnalesDuCommerceExterieurFaitsCommerciaux3eSerieAvisDivers_Autriche_Fc19,42
AnnalesDuCommerceExterieurFaitsCommerciaux3eSerieAvisDivers_Autriche_Fc3,195
AnnalesDuCommerceExterieurFaitsCommerciaux3eSerieAvisDivers_Autriche_Fc5,116
AnnalesDuCommerceExterieurFaitsCommerciaux3eSerieAvisDivers_Autriche_Fc6,54
AnnalesDuCommerceExterieurFaitsCommerciaux3eSerieAvisDivers_Autriche_Fc7,53
AnnalesDuCommerceExterieurFaitsCommerciaux3eSerieAvisDivers_Autriche_Fc8,28
AnnalesDuCommerceExterieurFaitsCommerciaux3eSerieAvisDivers_BolivieEquateurPerou_Fc1,4
AnnalesDuCommerceExterieurFaitsCommerciaux3eSerieAvisDivers_BolivieEquateurPerou_Fc2,20
AnnalesDuCommerceExterieurFaitsCommerciaux3eSerieAvisDivers_BolivieEquateurPerou_Fc3,18
AnnalesDuCommerceExterieurFaitsCommerciaux3eSerieAvisDivers_BolivieEquateurPerou_Fc4,56
AnnalesDuCommerceExterieurFaitsCommerciaux3eSerieAvisDivers_BolivieEquateurPerou_Fc6,10
AnnalesDuCommerceExterieurFaitsCommerciaux3eSerieAvisDivers_Bresil_Fc1,245
AnnalesDuCommerceExterieurFaitsCommerciaux3eSerieAvisDivers_Bresil_Fc10,51
AnnalesDuCommerceExterieurFaitsCommerciaux3eSerieAvisDivers_Bresil_Fc11,26
AnnalesDuCommerceExterieurFaitsCommerciaux3eSerieAvisDivers_Bresil_Fc12,19
AnnalesDuCommerceExterieurFaitsCommerciaux3eSerieAvisDivers_Bresil_Fc13,49
AnnalesDuCommerceExterieurFaitsCommerciaux3eSerieAvisDivers_Bresil_Fc15,248
AnnalesDuCommerceExterieurFaitsCommerciaux3eSerieAvisDivers_Bresil_Fc16,176
AnnalesDuCommerceExterieurFaitsCommerciaux3eSerieAvisDivers_Bresil_Fc17,54
AnnalesDuCommerceExterieurFaitsCommerciaux3eSerieAvisDivers_Bresil_Fc18,10
AnnalesDuCommerceExterieurFaitsCommerciaux3eSerieAvisDivers_Bresil_Fc19,10
AnnalesDuCommerceExterieurFaitsCommerciaux3eSerieAvisDivers_Bresil_Fc2,34
AnnalesDuCommerceExterieurFaitsCommerciaux3eSerieAvisDivers_Bresil_Fc20,110
AnnalesDuCommerceExterieurFaitsCommerciaux3eSerieAvisDivers_Bresil_Fc21,33
AnnalesDuCommerceExterieurFaitsCommerciaux3eSerieAvisDivers_Bresil_Fc4,2
AnnalesDuCommerceExterieurFaitsCommerciaux3eSerieAvisDivers_Bresil_Fc5,100
AnnalesDuCommerceExterieurFaitsCommerciaux3eSerieAvisDivers_Bresil_Fc6,23
AnnalesDuCommerceExterieurFaitsCommerciaux3eSerieAvisDivers_Bresil_Fc7,189
AnnalesDuCommerceExterieurFaitsCommerciaux3eSerieAvisDivers_ChiliParaguayPlataUruguay_Fc3,16
AnnalesDuCommerceExterieurFaitsCommerciaux3eSerieAvisDivers_ChiliParaguayPlataUruguay_Fc4,11
AnnalesDuCommerceExterieurFaitsCommerciaux3eSerieAvisDivers_ChiliParaguayPlataUruguay_Fc6,12
AnnalesDuCommerceExterieurFaitsCommerciaux3eSerieAvisDivers_Chine_Fc1,138
AnnalesDuCommerceExterieurFaitsCommerciaux3eSerieAvisDivers_Chine_Fc14,18
AnnalesDuCommerceExterieurFaitsCommerciaux3eSerieAvisDivers_Chine_Fc33,8
AnnalesDuCommerceExterieurFaitsCommerciaux3eSerieAvisDivers_Chine_Fc35,14
AnnalesDuCommerceExterieurFaitsCommerciaux3eSerieAvisDivers_Chine_Fc36,5
AnnalesDuCommerceExterieurFaitsCommerciaux3eSerieAvisDivers_Chine_Fc38,15
AnnalesDuCommerceExterieurFaitsCommerciaux3eSerieAvisDivers_Chine_Fc8,80
AnnalesDuCommerceExterieurFaitsCommerciaux3eSerieAvisDivers_Chine_Fc9,14
AnnalesDuCommerceExterieurFaitsCommerciaux3eSerieAvisDivers_Colombie_Fc13,6
AnnalesDuCommerceExterieurFaitsCommerciaux3eSerieAvisDivers_ColoniesAnglaisesDafrique_Fc1,82
AnnalesDuCommerceExterieurFaitsCommerciaux3eSerieAvisDivers_ColoniesAnglaisesDafrique_Fc11,20
AnnalesDuCommerceExterieurFaitsCommerciaux3eSerieAvisDivers_ColoniesAnglaisesDafrique_Fc12,2
AnnalesDuCommerceExterieurFaitsCommerciaux3eSerieAvisDivers_ColoniesAnglaisesDafrique_Fc13,68
AnnalesDuCommerceExterieurFaitsCommerciaux3eSerieAvisDivers_ColoniesAnglaisesDafrique_Fc15,16
AnnalesDuCommerceExterieurFaitsCommerciaux3eSerieAvisDivers_ColoniesAnglaisesDafrique_Fc16,96
AnnalesDuCommerceExterieurFaitsCommerciaux3eSerieAvisDivers_ColoniesAnglaisesDafrique_Fc17,152
AnnalesDuCommerceExterieurFaitsCommerciaux3eSerieAvisDivers_ColoniesAnglaisesDafrique_Fc18,48
AnnalesDuCommerceExterieurFaitsCommerciaux3eSerieAvisDivers_ColoniesAnglaisesDafrique_Fc3,32
AnnalesDuCommerceExterieurFaitsCommerciaux3eSerieAvisDivers_ColoniesAnglaisesDafrique_Fc4,2
AnnalesDuCommerceExterieurFaitsCommerciaux3eSerieAvisDivers_ColoniesAnglaisesDafrique_Fc6,22
AnnalesDuCommerceExterieurFaitsCommerciaux3eSerieAvisDivers_ColoniesAnglaisesDafrique_Fc7,36
AnnalesDuCommerceExterieurFaitsCommerciaux3eSerieAvisDivers_ColoniesAnglaisesDamerique_Fc15,16
AnnalesDuCommerceExterieurFaitsCommerciaux3eSerieAvisDivers_ColoniesAnglaisesDamerique_Fc16,42
AnnalesDuCommerceExterieurFaitsCommerciaux3eSerieAvisDivers_ColoniesAnglaisesDamerique_Fc17,28
AnnalesDuCommerceExterieurFaitsCommerciaux3eSerieAvisDivers_ColoniesAnglaisesDamerique_Fc18,4
AnnalesDuCommerceExterieurFaitsCommerciaux3eSerieAvisDivers_CotesDafrique_Fc12,38
AnnalesDuCommerceExterieurFaitsCommerciaux3eSerieAvisDivers_CotesDafrique_Fc14,60
AnnalesDuCommerceExterieurFaitsCommerciaux3eSerieAvisDivers_CotesDafrique_Fc7,8
AnnalesDuCommerceExterieurFaitsCommerciaux3eSerieAvisDivers_Danemark_Fc11,30
AnnalesDuCommerceExterieurFaitsCommerciaux3eSerieAvisDivers_Danemark_Fc13,70
AnnalesDuCommerceExterieurFaitsCommerciaux3eSerieAvisDivers_Danemark_Fc15,5
AnnalesDuCommerceExterieurFaitsCommerciaux3eSerieAvisDivers_Danemark_Fc18,7
AnnalesDuCommerceExterieurFaitsCommerciaux3eSerieAvisDivers_Danemark_Fc23,38
AnnalesDuCommerceExterieurFaitsCommerciaux3eSerieAvisDivers_Danemark_Fc24,208
AnnalesDuCommerceExterieurFaitsCommerciaux3eSerieAvisDivers_Danemark_Fc6,32
AnnalesDuCommerceExterieurFaitsCommerciaux3eSerieAvisDivers_Danemark_Fc8,106
AnnalesDuCommerceExterieurFaitsCommerciaux3eSerieAvisDivers_Egypte,1
AnnalesDuCommerceExterieurFaitsCommerciaux3eSerieAvisDivers_Egypte_Fc1,38
AnnalesDuCommerceExterieurFaitsCommerciaux3eSerieAvisDivers_Egypte_Fc10,33
AnnalesDuCommerceExterieurFaitsCommerciaux3eSerieAvisDivers_Egypte_Fc13,66
AnnalesDuCommerceExterieurFaitsCommerciaux3eSerieAvisDivers_Egypte_Fc15,27
AnnalesDuCommerceExterieurFaitsCommerciaux3eSerieAvisDivers_Egypte_Fc16,4
AnnalesDuCommerceExterieurFaitsCommerciaux3eSerieAvisDivers_Egypte_Fc17,22
AnnalesDuCommerceExterieurFaitsCommerciaux3eSerieAvisDivers_Egypte_Fc19,6
AnnalesDuCommerceExterieurFaitsCommerciaux3eSerieAvisDivers_Egypte_Fc3,38
AnnalesDuCommerceExterieurFaitsCommerciaux3eSerieAvisDivers_Egypte_Fc4,19
AnnalesDuCommerceExterieurFaitsCommerciaux3eSerieAvisDivers_Egypte_Fc5,3
AnnalesDuCommerceExterieurFaitsCommerciaux3eSerieAvisDivers_Egypte_Fc7,59
AnnalesDuCommerceExterieurFaitsCommerciaux3eSerieAvisDivers_Egypte_Fc8,3
AnnalesDuCommerceExterieurFaitsCommerciaux3eSerieAvisDivers_Egypte_Fc9,25
AnnalesDuCommerceExterieurFaitsCommerciaux3eSerieAvisDivers_EmpireDallemagne_Fc36,17
AnnalesDuCommerceExterieurFaitsCommerciaux3eSerieAvisDivers_EmpireDallemagne_Fc37,34
AnnalesDuCommerceExterieurFaitsCommerciaux3eSerieAvisDivers_Espagne_Fc2,66
AnnalesDuCommerceExterieurFaitsCommerciaux3eSerieAvisDivers_Espagne_Fc24,46
AnnalesDuCommerceExterieurFaitsCommerciaux3eSerieAvisDivers_Espagne_Fc27,98
AnnalesDuCommerceExterieurFaitsCommerciaux3eSerieAvisDivers_EtatsBarbaresques_Fc1,182
AnnalesDuCommerceExterieurFaitsCommerciaux3eSerieAvisDivers_EtatsBarbaresques_Fc11,14
AnnalesDuCommerceExterieurFaitsCommerciaux3eSerieAvisDivers_EtatsBarbaresques_Fc13,40
AnnalesDuCommerceExterieurFaitsCommerciaux3eSerieAvisDivers_EtatsBarbaresques_Fc14,40
AnnalesDuCommerceExterieurFaitsCommerciaux3eSerieAvisDivers_EtatsBarbaresques_Fc18,20
AnnalesDuCommerceExterieurFaitsCommerciaux3eSerieAvisDivers_EtatsBarbaresques_Fc5,58
AnnalesDuCommerceExterieurFaitsCommerciaux3eSerieAvisDivers_EtatsBarbaresques_Fc7,60
AnnalesDuCommerceExterieurFaitsCommerciaux3eSerieAvisDivers_EtatsunisDeColombie_Fc12,14
AnnalesDuCommerceExterieurFaitsCommerciaux3eSerieAvisDivers_EtatsunisDeColombie_Fc13,28
AnnalesDuCommerceExterieurFaitsCommerciaux3eSerieAvisDivers_EtatsunisDeColombie_Fc14,22
AnnalesDuCommerceExterieurFaitsCommerciaux3eSerieAvisDivers_Gibraltar_Fc2,17
AnnalesDuCommerceExterieurFaitsCommerciaux3eSerieAvisDivers_Grece_Fc1,45
AnnalesDuCommerceExterieurFaitsCommerciaux3eSerieAvisDivers_Grece_Fc11,20
AnnalesDuCommerceExterieurFaitsCommerciaux3eSerieAvisDivers_Grece_Fc12,31
AnnalesDuCommerceExterieurFaitsCommerciaux3eSerieAvisDivers_Grece_Fc13,94
AnnalesDuCommerceExterieurFaitsCommerciaux3eSerieAvisDivers_Grece_Fc14,215
AnnalesDuCommerceExterieurFaitsCommerciaux3eSerieAvisDivers_Grece_Fc15,222
AnnalesDuCommerceExterieurFaitsCommerciaux3eSerieAvisDivers_Grece_Fc16,34
AnnalesDuCommerceExterieurFaitsCommerciaux3eSerieAvisDivers_Grece_Fc2,40
AnnalesDuCommerceExterieurFaitsCommerciaux3eSerieAvisDivers_Grece_Fc3,6
AnnalesDuCommerceExterieurFaitsCommerciaux3eSerieAvisDivers_Grece_Fc4,6
AnnalesDuCommerceExterieurFaitsCommerciaux3eSerieAvisDivers_Grece_Fc6,9
AnnalesDuCommerceExterieurFaitsCommerciaux3eSerieAvisDivers_Grece_Fc7,9
AnnalesDuCommerceExterieurFaitsCommerciaux3eSerieAvisDivers_Grece_Fc9,2
AnnalesDuCommerceExterieurFaitsCommerciaux3eSerieAvisDivers_Haiti_Fc1,34
AnnalesDuCommerceExterieurFaitsCommerciaux3eSerieAvisDivers_Haiti_Fc4,106
AnnalesDuCommerceExterieurFaitsCommerciaux3eSerieAvisDivers_Haiti_Fc5,14
AnnalesDuCommerceExterieurFaitsCommerciaux3eSerieAvisDivers_Haiti_Fc6,14
AnnalesDuCommerceExterieurFaitsCommerciaux3eSerieAvisDivers_Haiti_Fc7,27
AnnalesDuCommerceExterieurFaitsCommerciaux3eSerieAvisDivers_Haiti_Fc8,21
AnnalesDuCommerceExterieurFaitsCommerciaux3eSerieAvisDivers_IlesIoniennes_Fc1,68
AnnalesDuCommerceExterieurFaitsCommerciaux3eSerieAvisDivers_IlesIoniennes_Fc10,16
AnnalesDuCommerceExterieurFaitsCommerciaux3eSerieAvisDivers_IlesIoniennes_Fc11,40
AnnalesDuCommerceExterieurFaitsCommerciaux3eSerieAvisDivers_IlesIoniennes_Fc2,16
AnnalesDuCommerceExterieurFaitsCommerciaux3eSerieAvisDivers_IlesIoniennes_Fc7,30
AnnalesDuCommerceExterieurFaitsCommerciaux3eSerieAvisDivers_IlesIoniennes_Fc9,20
AnnalesDuCommerceExterieurFaitsCommerciaux3eSerieAvisDivers_IndesOccidentalesAnglaisesEtPossessionsBritanniquesDeLameriqueDuNord_Fc11,8
AnnalesDuCommerceExterieurFaitsCommerciaux3eSerieAvisDivers_IndesOccidentalesAnglaisesEtPossessionsBritanniquesDeLameriqueDuNord_Fc13,7
AnnalesDuCommerceExterieurFaitsCommerciaux3eSerieAvisDivers_IndesOccidentalesAnglaisesEtPossessionsBritanniquesDeLameriqueDuNord_Fc14,10
AnnalesDuCommerceExterieurFaitsCommerciaux3eSerieAvisDivers_IndesOccidentalesAnglaisesEtPossessionsBritanniquesDeLameriqueDuNord_Fc3,8
AnnalesDuCommerceExterieurFaitsCommerciaux3eSerieAvisDivers_IndesOccidentalesAnglaisesEtPossessionsBritanniquesDeLameriqueDuNord_Fc4,10
AnnalesDuCommerceExterieurFaitsCommerciaux3eSerieAvisDivers_IndesOccidentalesAnglaisesEtPossessionsBritanniquesDeLameriqueDuNord_Fc6,20
AnnalesDuCommerceExterieurFaitsCommerciaux3eSerieAvisDivers_IndesOccidentalesAnglaisesEtPossessionsBritanniquesDeLameriqueDuNord_Fc7,10
AnnalesDuCommerceExterieurFaitsCommerciaux3eSerieAvisDivers_IndesOccidentalesAnglaisesEtPossessionsBritanniquesDeLameriqueDuNord_Fc9,10
AnnalesDuCommerceExterieurFaitsCommerciaux3eSerieAvisDivers_IndesOccidentalesEspagnoles_Fc1,12
AnnalesDuCommerceExterieurFaitsCommerciaux3eSerieAvisDivers_IndesOccidentalesEspagnoles_Fc10,46
AnnalesDuCommerceExterieurFaitsCommerciaux3eSerieAvisDivers_IndesOccidentalesEspagnoles_Fc11,10
AnnalesDuCommerceExterieurFaitsCommerciaux3eSerieAvisDivers_IndesOccidentalesEspagnoles_Fc12,42
AnnalesDuCommerceExterieurFaitsCommerciaux3eSerieAvisDivers_IndesOccidentalesEspagnoles_Fc13,54
AnnalesDuCommerceExterieurFaitsCommerciaux3eSerieAvisDivers_IndesOccidentalesEspagnoles_Fc14,24
AnnalesDuCommerceExterieurFaitsCommerciaux3eSerieAvisDivers_IndesOccidentalesEspagnoles_Fc15,48
AnnalesDuCommerceExterieurFaitsCommerciaux3eSerieAvisDivers_IndesOccidentalesEspagnoles_Fc16,22
AnnalesDuCommerceExterieurFaitsCommerciaux3eSerieAvisDivers_IndesOccidentalesEspagnoles_Fc2,4
AnnalesDuCommerceExterieurFaitsCommerciaux3eSerieAvisDivers_IndesOccidentalesEspagnoles_Fc3,30
AnnalesDuCommerceExterieurFaitsCommerciaux3eSerieAvisDivers_IndesOccidentalesEspagnoles_Fc4,10
AnnalesDuCommerceExterieurFaitsCommerciaux3eSerieAvisDivers_IndesOccidentalesEspagnoles_Fc6,86
AnnalesDuCommerceExterieurFaitsCommerciaux3eSerieAvisDivers_IndesOccidentalesEspagnoles_Fc7,18
AnnalesDuCommerceExterieurFaitsCommerciaux3eSerieAvisDivers_IndesOccidentalesEspagnoles_Fc8,11
AnnalesDuCommerceExterieurFaitsCommerciaux3eSerieAvisDivers_IndesOccidentalesEspagnoles_Fc9,56
AnnalesDuCommerceExterieurFaitsCommerciaux3eSerieAvisDivers_IndesOccidentalesNeerlandaises_Fc1,16
AnnalesDuCommerceExterieurFaitsCommerciaux3eSerieAvisDivers_IndesOccidentalesNeerlandaises_Fc2,6
AnnalesDuCommerceExterieurFaitsCommerciaux3eSerieAvisDivers_IndesOccidentalesNeerlandaises_Fc3,6
AnnalesDuCommerceExterieurFaitsCommerciaux3eSerieAvisDivers_IndesOccidentalesNeerlandaises_Fc5,12
AnnalesDuCommerceExterieurFaitsCommerciaux3eSerieAvisDivers_IndesOrientalesAnglaises_Fc12,208
AnnalesDuCommerceExterieurFaitsCommerciaux3eSerieAvisDivers_IndesOrientalesAnglaises_Fc14,37
AnnalesDuCommerceExterieurFaitsCommerciaux3eSerieAvisDivers_IndesOrientalesAnglaises_Fc19,125
AnnalesDuCommerceExterieurFaitsCommerciaux3eSerieAvisDivers_IndesOrientalesAnglaises_Fc21,81
AnnalesDuCommerceExterieurFaitsCommerciaux3eSerieAvisDivers_IndesOrientalesAnglaises_Fc22,116
AnnalesDuCommerceExterieurFaitsCommerciaux3eSerieAvisDivers_IndesOrientalesAnglaises_Fc26,10
AnnalesDuCommerceExterieurFaitsCommerciaux3eSerieAvisDivers_IndesOrientalesAnglaises_Fc27,72
AnnalesDuCommerceExterieurFaitsCommerciaux3eSerieAvisDivers_IndesOrientalesAnglaises_Fc5,88
AnnalesDuCommerceExterieurFaitsCommerciaux3eSerieAvisDivers_IndesOrientalesAnglaises_Fc8,66
AnnalesDuCommerceExterieurFaitsCommerciaux3eSerieAvisDivers_IndesOrientalesAnglaises_Fc9,64
AnnalesDuCommerceExterieurFaitsCommerciaux3eSerieAvisDivers_IndesOrientalesEspagnoles_Fc1,62
AnnalesDuCommerceExterieurFaitsCommerciaux3eSerieAvisDivers_IndesOrientalesNeerlandaises_Fc11,40
AnnalesDuCommerceExterieurFaitsCommerciaux3eSerieAvisDivers_IndesOrientalesNeerlandaises_Fc12,44
AnnalesDuCommerceExterieurFaitsCommerciaux3eSerieAvisDivers_IndesOrientalesNeerlandaises_Fc13,16
AnnalesDuCommerceExterieurFaitsCommerciaux3eSerieAvisDivers_IndesOrientalesNeerlandaises_Fc15,31
AnnalesDuCommerceExterieurFaitsCommerciaux3eSerieAvisDivers_IndesOrientalesNeerlandaises_Fc16,24
AnnalesDuCommerceExterieurFaitsCommerciaux3eSerieAvisDivers_IndesOrientalesNeerlandaises_Fc17,52
AnnalesDuCommerceExterieurFaitsCommerciaux3eSerieAvisDivers_IndesOrientalesNeerlandaises_Fc18,19
AnnalesDuCommerceExterieurFaitsCommerciaux3eSerieAvisDivers_IndesOrientalesNeerlandaises_Fc2,128
AnnalesDuCommerceExterieurFaitsCommerciaux3eSerieAvisDivers_IndesOrientalesNeerlandaises_Fc3,34
AnnalesDuCommerceExterieurFaitsCommerciaux3eSerieAvisDivers_IndesOrientalesNeerlandaises_Fc4,52
AnnalesDuCommerceExterieurFaitsCommerciaux3eSerieAvisDivers_IndesOrientalesNeerlandaises_Fc5,44
AnnalesDuCommerceExterieurFaitsCommerciaux3eSerieAvisDivers_IndesOrientalesNeerlandaises_Fc7,44
AnnalesDuCommerceExterieurFaitsCommerciaux3eSerieAvisDivers_IndesOrientalesNeerlandaises_Fc8,17
AnnalesDuCommerceExterieurFaitsCommerciaux3eSerieAvisDivers_IndesOrientalesNeerlandaises_Fc9,38
AnnalesDuCommerceExterieurFaitsCommerciaux3eSerieAvisDivers_ItalieDeuxsiciles_Fc1,37
AnnalesDuCommerceExterieurFaitsCommerciaux3eSerieAvisDivers_ItalieDeuxsiciles_Fc3,28
AnnalesDuCommerceExterieurFaitsCommerciaux3eSerieAvisDivers_ItalieDeuxsiciles_Fc4,26
AnnalesDuCommerceExterieurFaitsCommerciaux3eSerieAvisDivers_ItalieDeuxsiciles_Fc5,28
AnnalesDuCommerceExterieurFaitsCommerciaux3eSerieAvisDivers_ItalieDeuxsiciles_Fc6,37
AnnalesDuCommerceExterieurFaitsCommerciaux3eSerieAvisDivers_ItalieDeuxsiciles_Fc7,22
AnnalesDuCommerceExterieurFaitsCommerciaux3eSerieAvisDivers_ItalieEtatsRomains_Fc1,51
AnnalesDuCommerceExterieurFaitsCommerciaux3eSerieAvisDivers_ItalieEtatsRomains_Fc2,35
AnnalesDuCommerceExterieurFaitsCommerciaux3eSerieAvisDivers_ItalieEtatsRomains_Fc3,70
AnnalesDuCommerceExterieurFaitsCommerciaux3eSerieAvisDivers_ItalieEtatsRomains_Fc4,14
AnnalesDuCommerceExterieurFaitsCommerciaux3eSerieAvisDivers_ItalieEtatsRomains_Fc6,15
AnnalesDuCommerceExterieurFaitsCommerciaux3eSerieAvisDivers_ItalieEtatsRomains_Fc8,17
AnnalesDuCommerceExterieurFaitsCommerciaux3eSerieAvisDivers_ItalieEtatsSardes_Fc7,14
AnnalesDuCommerceExterieurFaitsCommerciaux3eSerieAvisDivers_ItalieEtatsSardes_Fc9,22
AnnalesDuCommerceExterieurFaitsCommerciaux3eSerieAvisDivers_ItalieToscane_Fc1,79
AnnalesDuCommerceExterieurFaitsCommerciaux3eSerieAvisDivers_ItalieToscane_Fc10,51
AnnalesDuCommerceExterieurFaitsCommerciaux3eSerieAvisDivers_ItalieToscane_Fc2,44
AnnalesDuCommerceExterieurFaitsCommerciaux3eSerieAvisDivers_ItalieToscane_Fc4,40
AnnalesDuCommerceExterieurFaitsCommerciaux3eSerieAvisDivers_ItalieToscane_Fc6,40
AnnalesDuCommerceExterieurFaitsCommerciaux3eSerieAvisDivers_ItalieToscane_Fc7,50
AnnalesDuCommerceExterieurFaitsCommerciaux3eSerieAvisDivers_ItalieToscane_Fc9,42
AnnalesDuCommerceExterieurFaitsCommerciaux3eSerieAvisDivers_Italie_Fc10,70
AnnalesDuCommerceExterieurFaitsCommerciaux3eSerieAvisDivers_Italie_Fc11,72
AnnalesDuCommerceExterieurFaitsCommerciaux3eSerieAvisDivers_Italie_Fc13,45
AnnalesDuCommerceExterieurFaitsCommerciaux3eSerieAvisDivers_Italie_Fc19,15
AnnalesDuCommerceExterieurFaitsCommerciaux3eSerieAvisDivers_Italie_Fc2,14
AnnalesDuCommerceExterieurFaitsCommerciaux3eSerieAvisDivers_Italie_Fc20,16
AnnalesDuCommerceExterieurFaitsCommerciaux3eSerieAvisDivers_Italie_Fc21,18
AnnalesDuCommerceExterieurFaitsCommerciaux3eSerieAvisDivers_Italie_Fc6,143
AnnalesDuCommerceExterieurFaitsCommerciaux3eSerieAvisDivers_Italie_Fc8,66
AnnalesDuCommerceExterieurFaitsCommerciaux3eSerieAvisDivers_LaPlata_Fc11,60
AnnalesDuCommerceExterieurFaitsCommerciaux3eSerieAvisDivers_LaPlata_Fc9,108
AnnalesDuCommerceExterieurFaitsCommerciaux3eSerieAvisDivers_Malte_Fc1,36
AnnalesDuCommerceExterieurFaitsCommerciaux3eSerieAvisDivers_Malte_Fc3,26
AnnalesDuCommerceExterieurFaitsCommerciaux3eSerieAvisDivers_Malte_Fc4,34
AnnalesDuCommerceExterieurFaitsCommerciaux3eSerieAvisDivers_Mexique_Fc4,14
AnnalesDuCommerceExterieurFaitsCommerciaux3eSerieAvisDivers_Mexique_Fc5,10
AnnalesDuCommerceExterieurFaitsCommerciaux3eSerieAvisDivers_Mexique_Fc8,76
AnnalesDuCommerceExterieurFaitsCommerciaux3eSerieAvisDivers_Mexique_Fc9,120
AnnalesDuCommerceExterieurFaitsCommerciaux3eSerieAvisDivers_Nouvellegrenade_Fc10,30
AnnalesDuCommerceExterieurFaitsCommerciaux3eSerieAvisDivers_Nouvellegrenade_Fc11,11
AnnalesDuCommerceExterieurFaitsCommerciaux3eSerieAvisDivers_Nouvellegrenade_Fc2,9
AnnalesDuCommerceExterieurFaitsCommerciaux3eSerieAvisDivers_Nouvellegrenade_Fc4,4
AnnalesDuCommerceExterieurFaitsCommerciaux3eSerieAvisDivers_Nouvellegrenade_Fc7,18
AnnalesDuCommerceExterieurFaitsCommerciaux3eSerieAvisDivers_Nouvellegrenade_Fc9,26
AnnalesDuCommerceExterieurFaitsCommerciaux3eSerieAvisDivers_OceanieEtAustralie_Fc13,24
AnnalesDuCommerceExterieurFaitsCommerciaux3eSerieAvisDivers_OceanieEtAustralie_Fc14,15
AnnalesDuCommerceExterieurFaitsCommerciaux3eSerieAvisDivers_OceanieEtAustralie_Fc15,32
AnnalesDuCommerceExterieurFaitsCommerciaux3eSerieAvisDivers_OceanieEtAustralie_Fc2,144
AnnalesDuCommerceExterieurFaitsCommerciaux3eSerieAvisDivers_OceanieEtAustralie_Fc20,146
AnnalesDuCommerceExterieurFaitsCommerciaux3eSerieAvisDivers_OceanieEtAustralie_Fc21,150
AnnalesDuCommerceExterieurFaitsCommerciaux3eSerieAvisDivers_OceanieEtAustralie_Fc5,8
AnnalesDuCommerceExterieurFaitsCommerciaux3eSerieAvisDivers_OceanieEtAustralie_Fc7,46
AnnalesDuCommerceExterieurFaitsCommerciaux3eSerieAvisDivers_OceanieEtAustralie_Fc9,28
AnnalesDuCommerceExterieurFaitsCommerciaux3eSerieAvisDivers_Oceanie_Fc1,11
AnnalesDuCommerceExterieurFaitsCommerciaux3eSerieAvisDivers_Paysbas_18431868,34
AnnalesDuCommerceExterieurFaitsCommerciaux3eSerieAvisDivers_Perou_Fc1,6
AnnalesDuCommerceExterieurFaitsCommerciaux3eSerieAvisDivers_Perou_Fc14,64
AnnalesDuCommerceExterieurFaitsCommerciaux3eSerieAvisDivers_Portugal_Fc1,136
AnnalesDuCommerceExterieurFaitsCommerciaux3eSerieAvisDivers_Portugal_Fc10,40
AnnalesDuCommerceExterieurFaitsCommerciaux3eSerieAvisDivers_Portugal_Fc11,114
AnnalesDuCommerceExterieurFaitsCommerciaux3eSerieAvisDivers_Portugal_Fc12,36
AnnalesDuCommerceExterieurFaitsCommerciaux3eSerieAvisDivers_Portugal_Fc13,18
AnnalesDuCommerceExterieurFaitsCommerciaux3eSerieAvisDivers_Portugal_Fc14,30
AnnalesDuCommerceExterieurFaitsCommerciaux3eSerieAvisDivers_Portugal_Fc2,73
AnnalesDuCommerceExterieurFaitsCommerciaux3eSerieAvisDivers_Portugal_Fc3,22
AnnalesDuCommerceExterieurFaitsCommerciaux3eSerieAvisDivers_Portugal_Fc4,26
AnnalesDuCommerceExterieurFaitsCommerciaux3eSerieAvisDivers_Portugal_Fc7,156
AnnalesDuCommerceExterieurFaitsCommerciaux3eSerieAvisDivers_Portugal_Fc8,30
AnnalesDuCommerceExterieurFaitsCommerciaux3eSerieAvisDivers_Portugal_Fc9,24
AnnalesDuCommerceExterieurFaitsCommerciaux3eSerieAvisDivers_PrincipautesDanubiennes_Fc1,40
AnnalesDuCommerceExterieurFaitsCommerciaux3eSerieAvisDivers_PrincipautesDanubiennes_Fc11,22
AnnalesDuCommerceExterieurFaitsCommerciaux3eSerieAvisDivers_PrincipautesDanubiennes_Fc12,21
AnnalesDuCommerceExterieurFaitsCommerciaux3eSerieAvisDivers_PrincipautesDanubiennes_Fc13,12
AnnalesDuCommerceExterieurFaitsCommerciaux3eSerieAvisDivers_PrincipautesDanubiennes_Fc15,60
AnnalesDuCommerceExterieurFaitsCommerciaux3eSerieAvisDivers_PrincipautesDanubiennes_Fc2,34
AnnalesDuCommerceExterieurFaitsCommerciaux3eSerieAvisDivers_PrincipautesDanubiennes_Fc3,27
AnnalesDuCommerceExterieurFaitsCommerciaux3eSerieAvisDivers_PrincipautesDanubiennes_Fc4,24
AnnalesDuCommerceExterieurFaitsCommerciaux3eSerieAvisDivers_PrincipautesDanubiennes_Fc6,12
AnnalesDuCommerceExterieurFaitsCommerciaux3eSerieAvisDivers_PrincipautesDanubiennes_Fc7,11
AnnalesDuCommerceExterieurFaitsCommerciaux3eSerieAvisDivers_PrincipautesDanubiennes_Fc9,20
AnnalesDuCommerceExterieurFaitsCommerciaux3eSerieAvisDivers_RepubliqueDominicaine_Fc1,22
AnnalesDuCommerceExterieurFaitsCommerciaux3eSerieAvisDivers_RepubliqueDominicaine_Fc2,4
AnnalesDuCommerceExterieurFaitsCommerciaux3eSerieAvisDivers_Roumanie_Fc1,26
AnnalesDuCommerceExterieurFaitsCommerciaux3eSerieAvisDivers_Roumanie_Fc2,34
AnnalesDuCommerceExterieurFaitsCommerciaux3eSerieAvisDivers_Roumanie_Fc3,36
AnnalesDuCommerceExterieurFaitsCommerciaux3eSerieAvisDivers_Russie_Fc10,36
AnnalesDuCommerceExterieurFaitsCommerciaux3eSerieAvisDivers_Russie_Fc23,102
AnnalesDuCommerceExterieurFaitsCommerciaux3eSerieAvisDivers_Russie_Fc25,36
AnnalesDuCommerceExterieurFaitsCommerciaux3eSerieAvisDivers_Russie_Fc26,118
AnnalesDuCommerceExterieurFaitsCommerciaux3eSerieAvisDivers_Russie_Fc3,10
AnnalesDuCommerceExterieurFaitsCommerciaux3eSerieAvisDivers_Russie_Fc6,20
AnnalesDuCommerceExterieurFaitsCommerciaux3eSerieAvisDivers_SuedeEtNorvege_Fc10,28
AnnalesDuCommerceExterieurFaitsCommerciaux3eSerieAvisDivers_SuedeEtNorvege_Fc12,44
AnnalesDuCommerceExterieurFaitsCommerciaux3eSerieAvisDivers_SuedeEtNorvege_Fc19,90
AnnalesDuCommerceExterieurFaitsCommerciaux3eSerieAvisDivers_SuedeEtNorvege_Fc20,120
AnnalesDuCommerceExterieurFaitsCommerciaux3eSerieAvisDivers_SuedeEtNorvege_Fc8,28
AnnalesDuCommerceExterieurFaitsCommerciaux3eSerieAvisDivers_Turquie_Fc1,477
AnnalesDuCommerceExterieurFaitsCommerciaux3eSerieAvisDivers_Turquie_Fc14,17
AnnalesDuCommerceExterieurFaitsCommerciaux3eSerieAvisDivers_Turquie_Fc2,18
AnnalesDuCommerceExterieurFaitsCommerciaux3eSerieAvisDivers_Turquie_Fc20,11
AnnalesDuCommerceExterieurFaitsCommerciaux3eSerieAvisDivers_Turquie_Fc21,20
AnnalesDuCommerceExterieurFaitsCommerciaux3eSerieAvisDivers_Turquie_Fc22,82
AnnalesDuCommerceExterieurFaitsCommerciaux3eSerieAvisDivers_Turquie_Fc25,68
AnnalesDuCommerceExterieurFaitsCommerciaux3eSerieAvisDivers_Turquie_Fc26,78
AnnalesDuCommerceExterieurFaitsCommerciaux3eSerieAvisDivers_Turquie_Fc33,84
AnnalesDuCommerceExterieurFaitsCommerciaux3eSerieAvisDivers_Uruguay_Fc5,14
AnnalesDuCommerceExterieurFaitsCommerciaux3eSerieAvisDivers_Uruguay_Fc6,160
AnnalesDuCommerceExterieurFaitsCommerciaux3eSerieAvisDivers_Uruguay_Fc8,82
AnnalesDuCommerceExterieurFaitsCommerciaux3eSerieAvisDivers_Uruguay_Fc9,98
AnnalesDuCommerceExterieurFaitsCommerciaux3eSerieAvisDivers_Venezuela_Fc1,120
AnnalesDuCommerceExterieurFaitsCommerciaux3eSerieAvisDivers_Venezuela_Fc4,18
AnnalesDuCommerceExterieurFaitsCommerciaux3eSerieAvisDivers_Venezuela_Fc6,24
AnnalesDuCommerceExterieurFaitsCommerciaux3eSerieAvisDivers_Venezuela_Fc7,32
AnnalesDuCommerceExterieurFaitsCommerciaux3eSerieAvisDivers_Venezuela_Fc8,64
AnnalesDuCommerceExterieurFaitsCommerciaux3eSerieAvisDivers_Venezuela_Fc9,13
AnnalesDuCommerceExterieurFaitsCommerciaux3eSerieAvisDivers_VillesAnseatiques_Fc1,192
AnnalesDuCommerceExterieurFaitsCommerciaux3eSerieAvisDivers_VillesAnseatiques_Fc10,111
AnnalesDuCommerceExterieurFaitsCommerciaux3eSerieAvisDivers_VillesAnseatiques_Fc12,178
AnnalesDuCommerceExterieurFaitsCommerciaux3eSerieAvisDivers_VillesAnseatiques_Fc14,99
AnnalesDuCommerceExterieurFaitsCommerciaux3eSerieAvisDivers_VillesAnseatiques_Fc16,24
AnnalesDuCommerceExterieurFaitsCommerciaux3eSerieAvisDivers_VillesAnseatiques_Fc17,88
AnnalesDuCommerceExterieurFaitsCommerciaux3eSerieAvisDivers_VillesAnseatiques_Fc18,4
AnnalesDuCommerceExterieurFaitsCommerciaux3eSerieAvisDivers_VillesAnseatiques_Fc19,177
AnnalesDuCommerceExterieurFaitsCommerciaux3eSerieAvisDivers_VillesAnseatiques_Fc2,54
AnnalesDuCommerceExterieurFaitsCommerciaux3eSerieAvisDivers_VillesAnseatiques_Fc20,174
AnnalesDuCommerceExterieurFaitsCommerciaux3eSerieAvisDivers_VillesAnseatiques_Fc21,92
AnnalesDuCommerceExterieurFaitsCommerciaux3eSerieAvisDivers_VillesAnseatiques_Fc4,19
AnnalesDuCommerceExterieurFaitsCommerciaux3eSerieAvisDivers_VillesAnseatiques_Fc7,251
AnnalesDuCommerceExterieurFaitsCommerciaux3eSerieAvisDivers_VillesAnseatiques_Fc9,42
AnnuaireStatistiqueDeLaFrance_1932,478
AnnuaireStatistiqueDeLaFrance_1934,76
AnnuaireStatistiqueDeLaFrance_1935,146
AnnuaireStatistiqueDeLaFrance_1936,756
AnnuaireStatistiqueDeLaSocieteDesNations_19331934,14
AnnuaireStatistiqueDeLaSocieteDesNations_19341935,8
AnnuaireStatistiqueDeLaSocieteDesNations_19351936,14
AnnuaireStatistiqueDeLaSocieteDesNations_19361937,12
AnnuaireStatistiqueDeLaSocieteDesNations_19371938,4
AnnuaireStatistiqueDeLaSocieteDesNations_19381939,22
AnnuaireStatistiqueDeLaSocieteDesNations_19391940,66
AnnualStatementOfTheSeaborneTradeOfBritishIndiaWithTheBritishEmpireAndForeignCountries_187677_Vol1,496
AnnualStatementOfTheSeaborneTradeOfBritishIndiaWithTheBritishEmpireAndForeignCountries_188485_Vol1,202
AnnualStatementOfTheSeaborneTradeOfBritishIndiaWithTheBritishEmpireAndForeignCountries_188687_Vol1,312
AnnualStatementOfTheSeaborneTradeOfBritishIndiaWithTheBritishEmpireAndForeignCountries_188990_Vol1,520
AnnualStatementOfTheSeaborneTradeOfBritishIndiaWithTheBritishEmpireAndForeignCountries_189596_Vol1,535
AnnualStatementOfTheSeaborneTradeOfBritishIndiaWithTheBritishEmpireAndForeignCountries_190102_Vol1,212
AnnualStatementOfTheSeaborneTradeOfBritishIndiaWithTheBritishEmpireAndForeignCountries_190304_Vol2,624
AnnualStatementOfTheSeaborneTradeOfBritishIndiaWithTheBritishEmpireAndForeignCountries_190809_Vol2,685
AnnualStatementOfTheSeaborneTradeOfBritishIndiaWithTheBritishEmpireAndForeignCountries_191314_Vol2,790
AnnualStatementOfTheSeaborneTradeOfBritishIndiaWithTheBritishEmpireAndForeignCountries_191819_Vol2,795
AnnualStatementOfTheSeaborneTradeOfBritishIndiaWithTheBritishEmpireAndForeignCountries_192324_Vol1,1267
AnnualStatementOfTheSeaborneTradeOfBritishIndiaWithTheBritishEmpireAndForeignCountries_192829_Vol1,1330
AnnualStatementOfTheSeaborneTradeOfBritishIndiaWithTheBritishEmpireAndForeignCountries_193334_Vol1,1260
AnnualStatementOfTheSeaborneTradeOfBritishIndiaWithTheBritishEmpireAndForeignCountries_193839_Vol2,1166
AnnualStatementOfTheTradeOfTheUnitedKingdomWithForeignCountriesAndBritishCountries_1853,422
AnnualStatementOfTheTradeOfTheUnitedKingdomWithForeignCountriesAndBritishCountries_1855,1091
AnnualStatementOfTheTradeOfTheUnitedKingdomWithForeignCountriesAndBritishCountries_1860,1138
AnnualStatementOfTheTradeOfTheUnitedKingdomWithForeignCountriesAndBritishCountries_1865,1378
AnnualStatementOfTheTradeOfTheUnitedKingdomWithForeignCountriesAndBritishCountries_1870,1380
AnnualStatementOfTheTradeOfTheUnitedKingdomWithForeignCountriesAndBritishCountries_1875,660
AnnualStatementOfTheTradeOfTheUnitedKingdomWithForeignCountriesAndBritishCountries_1878,880
AnnualStatementOfTheTradeOfTheUnitedKingdomWithForeignCountriesAndBritishCountries_1882,680
AnnualStatementOfTheTradeOfTheUnitedKingdomWithForeignCountriesAndBritishCountries_1885,1145
AnnualStatementOfTheTradeOfTheUnitedKingdomWithForeignCountriesAndBritishCountries_1890,1155
AnnualStatementOfTheTradeOfTheUnitedKingdomWithForeignCountriesAndBritishCountries_1895,1305
AnnualStatementOfTheTradeOfTheUnitedKingdomWithForeignCountriesAndBritishCountries_1898,273
AnnualStatementOfTheTradeOfTheUnitedKingdomWithForeignCountriesAndBritishCountries_1901,1091
AnnualStatementOfTheTradeOfTheUnitedKingdomWithForeignCountriesAndBritishCountries_1905,1473
AnnualStatementOfTheTradeOfTheUnitedKingdomWithForeignCountriesAndBritishCountries_1910,1564
AnnualStatementOfTheTradeOfTheUnitedKingdomWithForeignCountriesAndBritishCountries_1915,955
AnnualStatementOfTheTradeOfTheUnitedKingdomWithForeignCountriesAndBritishCountries_1915_Vol2,298
AnnualStatementOfTheTradeOfTheUnitedKingdomWithForeignCountriesAndBritishCountries_1919_Vol2,1490
AnnualStatementOfTheTradeOfTheUnitedKingdomWithForeignCountriesAndBritishCountries_1923_Vol1,1364
AnnualStatementOfTheTradeOfTheUnitedKingdomWithForeignCountriesAndBritishCountries_1928_Vol1,1598
AnnualStatementOfTheTradeOfTheUnitedKingdomWithForeignCountriesAndBritishCountries_1933_Vol1,1694
AnnualStatementOfTheTradeOfTheUnitedKingdomWithForeignCountriesAndBritishCountries_1938_Vol1,1692
AnuarioDeComercioExteriorColombia_189798,10
AnuarioDeComercioExteriorColombia_1933,660
AnuarioDeComercioExteriorColombia_1936,504
AnuarioDeComercioExteriorColombia_1938,630
AnuarioDelComercioExteriorDeLaRepublicaArgentina_1938,2682
AnuarioEstadisticoDeChileComercioExterior_1915,170
AnuarioEstadisticoDeChileComercioExterior_1920,108
AnuarioEstadisticoDeChileComercioExterior_1925,162
AnuarioEstadisticoDeChileComercioExterior_1927,218
AnuarioEstadisticoDeChileComercioExterior_1928,144
AnuarioEstadisticoDeChileComercioExterior_1931,166
AnuarioEstadisticoDeChileComercioExterior_1932,158
AnuarioEstadisticoDeChileComercioExterior_1933,168
AnuarioEstadisticoDeChileComercioExterior_1934_Vol7,168
AnuarioEstadisticoDeChileComercioExterior_1935_Vol7,180
AnuarioEstadisticoDeChileComercioExterior_1936_Vol7,164
AuswartigerHandelDesDeutschenZollgebiets_18801896,576
BondiG_DeutschlandsAussenhandel18151870,76
BulletinDuMinistereDeLagricultureEtDuCommerce2eSerieAvisDivers_1840,374
BulletinDuMinistereDeLagricultureEtDuCommerce2eSerieAvisDivers_1840_Fc1,161
BulletinDuMinistereDeLagricultureEtDuCommerce2eSerieAvisDivers_1840_Fc2,14
BulletinDuMinistereDeLagricultureEtDuCommerce2eSerieAvisDivers_1841,116
BulletinDuMinistereDeLagricultureEtDuCommerce2eSerieAvisDivers_1842,806
BulletinDuMinistereDeLagricultureEtDuCommerce2eSerieAvisDivers_Aout1840_Fc4,58
BulletinDuMinistereDeLagricultureEtDuCommerce2eSerieAvisDivers_Avril1842_Fc3,52
BulletinDuMinistereDeLagricultureEtDuCommerce2eSerieAvisDivers_Dec1840_Fc7,20
BulletinDuMinistereDeLagricultureEtDuCommerce2eSerieAvisDivers_Juil1841_Fc3,18
BulletinDuMinistereDeLagricultureEtDuCommerce2eSerieAvisDivers_Juil1841_Fc5,34
BulletinDuMinistereDeLagricultureEtDuCommerce2eSerieAvisDivers_Juin1841_Fc2,24
BulletinDuMinistereDeLagricultureEtDuCommerce2eSerieAvisDivers_Juin1842_Fc14,120
BulletinDuMinistereDeLagricultureEtDuCommerce2eSerieAvisDivers_Mai1841_Fc9,118
BulletinDuMinistereDeLagricultureEtDuCommerce2eSerieAvisDivers_Mai1842_Fc13,1
BulletinDuMinistereDeLagricultureEtDuCommerce2eSerieAvisDivers_Mai1842_Fc2,52
BulletinDuMinistereDeLagricultureEtDuCommerce2eSerieAvisDivers_Mars1841,414
BulletinDuMinistereDeLagricultureEtDuCommerce2eSerieAvisDivers_Mars1842_Fc6,14
BulletinDuMinistereDeLagricultureEtDuCommerce2eSerieAvisDivers_Nov1842,156
BulletinDuMinistereDeLagricultureEtDuCommerce2eSerieAvisDivers_Oct1841_Fc7,50
BulletinDuMinistereDeLagricultureEtDuCommerce2eSerieAvisDivers_Oct1842_Fc11,71
CarterSBGartnerSSHainesMROlmsteadALSutchRGWright_HistoricalStatisticsOfTheUnitedStates,596
ComercioEspecialDeBolivia_1919,52
ComercioEspecialDeBolivia_1920,52
ComercioEspecialDeBolivia_1921,52
ComercioEspecialDeBolivia_1922,52
ComercioEspecialDeBolivia_1923,52
ComercioExteriorDeLaRepublicaDeColombia_1917,252
ComercioExteriorDeLaRepublicaDeColombia_1918,66
ComercioExteriorDeLaRepublicaDeColombia_1919,49
CommercioExteriorDoBrasil_19101914_Vol1,552
CommercioExteriorDoBrasil_19131918_Vol1,535
CommercioExteriorDoBrasil_19191923,690
CommercioExteriorDoBrasil_19241928,444
CommercioExteriorDoBrasil_19301931,740
CommercioExteriorDoBrasil_19321936,1025
DepoidPHUlmer_BulletinDeLaStatistiqueGeneraleDeLaFrance,432
DepoidPHUlmer_BulletinDeLaStatistiqueGeneraleDeLaFrance_Volxxiiiiii,1878
DocumentsStatistiquesSurLeCommerceDeLaTunisie_1907,108
DocumentsStatistiquesSurLeCommerceDeLaTunisie_1909,74
DocumentsStatistiquesSurLeCommerceDeLaTunisie_1910,76
DocumentsStatistiquesSurLeCommerceDeLaTunisie_1911,70
DocumentsStatistiquesSurLeCommerceDeLaTunisie_1912,72
DocumentsStatistiquesSurLeCommerceDeLaTunisie_1913,78
DocumentsStatistiquesSurLeCommerceDeLaTunisie_1914,80
DocumentsStatistiquesSurLeCommerceDeLaTunisie_1915,76
DocumentsStatistiquesSurLeCommerceDeLaTunisie_1916,70
DocumentsStatistiquesSurLeCommerceDeLaTunisie_1917,64
DocumentsStatistiquesSurLeCommerceDeLaTunisie_1918,62
DocumentsStatistiquesSurLeCommerceDeLaTunisie_1919,72
DocumentsStatistiquesSurLeCommerceDeLaTunisie_1920,94
DocumentsStatistiquesSurLeCommerceDeLaTunisie_1921,90
DocumentsStatistiquesSurLeCommerceDeLaTunisie_1922,90
DocumentsStatistiquesSurLeCommerceDeLaTunisie_1923,90
DocumentsStatistiquesSurLeCommerceDeLaTunisie_1924,94
DocumentsStatistiquesSurLeCommerceDeLaTunisie_1925,94
DocumentsStatistiquesSurLeCommerceDeLaTunisie_1926,94
DocumentsStatistiquesSurLeCommerceDeLaTunisie_1927,96
DocumentsStatistiquesSurLeCommerceDeLaTunisie_1928,94
DocumentsStatistiquesSurLeCommerceDeLaTunisie_1929,94
DocumentsStatistiquesSurLeCommerceDeLaTunisie_1930,94
DocumentsStatistiquesSurLeCommerceDeLaTunisie_1931,94
DocumentsStatistiquesSurLeCommerceDeLaTunisie_1932,94
DocumentsStatistiquesSurLeCommerceDeLaTunisie_1933,90
DocumentsStatistiquesSurLeCommerceDeLaTunisie_1934,90
DocumentsStatistiquesSurLeCommerceDeLaTunisie_1935,90
DocumentsStatistiquesSurLeCommerceDeLaTunisie_1936,86
DocumentsStatistiquesSurLeCommerceDeLaTunisie_1938,176
DocumentsStatistiquesSurLeCommerceDeLalgerie_19011910,918
DocumentsStatistiquesSurLeCommerceDeLalgerie_1910,100
DocumentsStatistiquesSurLeCommerceDeLalgerie_1911,104
DocumentsStatistiquesSurLeCommerceDeLalgerie_1912,104
DocumentsStatistiquesSurLeCommerceDeLalgerie_1913,108
DocumentsStatistiquesSurLeCommerceDeLalgerie_1914,108
DocumentsStatistiquesSurLeCommerceDeLalgerie_1915,114
DocumentsStatistiquesSurLeCommerceDeLalgerie_1916,112
DocumentsStatistiquesSurLeCommerceDeLalgerie_1917,116
DocumentsStatistiquesSurLeCommerceDeLalgerie_1918,118
DocumentsStatistiquesSurLeCommerceDeLalgerie_1919,132
DocumentsStatistiquesSurLeCommerceDeLalgerie_1920,136
DocumentsStatistiquesSurLeCommerceDeLalgerie_1921,142
DocumentsStatistiquesSurLeCommerceDeLalgerie_1922,148
DocumentsStatistiquesSurLeCommerceDeLalgerie_1923,168
DocumentsStatistiquesSurLeCommerceDeLalgerie_1924,170
DocumentsStatistiquesSurLeCommerceDeLalgerie_1925,170
DocumentsStatistiquesSurLeCommerceDeLalgerie_1926,174
DocumentsStatistiquesSurLeCommerceDeLalgerie_1927,180
DocumentsStatistiquesSurLeCommerceDeLalgerie_1928,182
DocumentsStatistiquesSurLeCommerceDeLalgerie_1929,186
DocumentsStatistiquesSurLeCommerceDeLalgerie_1930,186
DocumentsStatistiquesSurLeCommerceDeLalgerie_1931,188
DocumentsStatistiquesSurLeCommerceDeLalgerie_1932,202
DocumentsStatistiquesSurLeCommerceDeLalgerie_1933,202
DocumentsStatistiquesSurLeCommerceDeLalgerie_1934,202
DocumentsStatistiquesSurLeCommerceDeLalgerie_1935,202
DocumentsStatistiquesSurLeCommerceDeLalgerie_1936,202
DocumentsStatistiquesSurLeCommerceDeLalgerie_1937,202
DocumentsStatistiquesSurLeCommerceDeLalgerie_1938,202
EdvinssonRJacobsonTDWaldenstrom_HistoricalStatisticsOfSwedenPart3ForeignTrade17321970_17321970,44
EstadisticaComercialDeLaRepublicaDeChile_1844,46
EstadisticaComercialDeLaRepublicaDeChile_18441913,971
EstadisticaComercialDeLaRepublicaDeChile_1845,50
EstadisticaComercialDeLaRepublicaDeChile_1846,52
EstadisticaComercialDeLaRepublicaDeChile_1847,52
EstadisticaComercialDeLaRepublicaDeChile_1848,54
EstadisticaComercialDeLaRepublicaDeChile_1849,34
EstadisticaComercialDeLaRepublicaDeChile_1850,52
EstadisticaComercialDeLaRepublicaDeChile_1851,54
EstadisticaComercialDeLaRepublicaDeChile_1852,56
EstadisticaComercialDeLaRepublicaDeChile_1854,108
EstadisticaComercialDeLaRepublicaDeChile_1856,46
EstadisticaComercialDeLaRepublicaDeChile_1857,92
EstadisticaComercialDeLaRepublicaDeChile_1859,45
EstadisticaComercialDeLaRepublicaDeChile_1860,91
EstadisticaComercialDeLaRepublicaDeChile_1866,336
EstadisticaComercialDeLaRepublicaDeChile_1867,44
EstadisticaComercialDeLaRepublicaDeChile_1868,47
EstadisticaComercialDeLaRepublicaDeChile_1870,42
EstadisticaComercialDeLaRepublicaDeChile_1872,88
EstadisticaComercialDeLaRepublicaDeChile_1874,80
EstadisticaComercialDeLaRepublicaDeChile_1876,82
EstadisticaComercialDeLaRepublicaDeChile_1878,90
EstadisticaComercialDeLaRepublicaDeChile_1880,94
EstadisticaComercialDeLaRepublicaDeChile_1881,46
EstadisticaComercialDeLaRepublicaDeChile_1883,98
EstadisticaComercialDeLaRepublicaDeChile_1885,92
EstadisticaComercialDeLaRepublicaDeChile_1887,94
EstadisticaComercialDeLaRepublicaDeChile_1889,92
EstadisticaComercialDeLaRepublicaDeChile_1891,90
EstadisticaComercialDeLaRepublicaDeChile_1892,50
EstadisticaComercialDeLaRepublicaDeChile_1894,94
EstadisticaComercialDeLaRepublicaDeChile_1896,102
EstadisticaComercialDeLaRepublicaDeChile_1898,102
EstadisticaGeneralDelComercioEsteriorDeLaRepublicaArgentina_1872,111
EstadisticaGeneralDelComercioEsteriorDeLaRepublicaArgentina_1873,38
EstadisticaGeneralDelComercioEsteriorDeLaRepublicaArgentina_1874,38
EstadisticaGeneralDelComercioEsteriorDeLaRepublicaArgentina_1883,274
EstadisticaGeneralDelComercioEsteriorDeLaRepublicaArgentina_1892,420
EstadisticaGeneralDelComercioExteriorDeEspana_1849,84
EstadisticaGeneralDelComercioExteriorDeEspana_1850,76
EstadisticaGeneralDelComercioExteriorDeEspana_1851,86
EstadisticaGeneralDelComercioExteriorDeEspana_1852,92
EstadisticaGeneralDelComercioExteriorDeEspana_1853,92
EstadisticaGeneralDelComercioExteriorDeEspana_1854,90
EstadisticaGeneralDelComercioExteriorDeEspana_1855,90
EstadisticaGeneralDelComercioExteriorDeEspana_1856,92
EstadisticaGeneralDelComercioExteriorDeEspana_1857,88
EstadisticaGeneralDelComercioExteriorDeEspana_1858,90
EstadisticaGeneralDelComercioExteriorDeEspana_1859,92
EstadisticaGeneralDelComercioExteriorDeEspana_1860,94
EstadisticaGeneralDelComercioExteriorDeEspana_1861,102
EstadisticaGeneralDelComercioExteriorDeEspana_1862,100
EstadisticaGeneralDelComercioExteriorDeEspana_1863,98
EstadisticaGeneralDelComercioExteriorDeEspana_1864,98
EstadisticaGeneralDelComercioExteriorDeEspana_1865,96
EstadisticaGeneralDelComercioExteriorDeEspana_1866,82
EstadisticaGeneralDelComercioExteriorDeEspana_1867,94
EstadisticaGeneralDelComercioExteriorDeEspana_1868,84
EstadisticaGeneralDelComercioExteriorDeEspana_1869,92
EstadisticaGeneralDelComercioExteriorDeEspana_1870,94
EstadisticaGeneralDelComercioExteriorDeEspana_1871,88
EstadisticaGeneralDelComercioExteriorDeEspana_1872,84
EstadisticaGeneralDelComercioExteriorDeEspana_1873,84
EstadisticaGeneralDelComercioExteriorDeEspana_1874,82
EstadisticaGeneralDelComercioExteriorDeEspana_1875,86
EstadisticaGeneralDelComercioExteriorDeEspana_1876,86
EstadisticaGeneralDelComercioExteriorDeEspana_1877,86
EstadisticaGeneralDelComercioExteriorDeEspana_1878,94
EstadisticaGeneralDelComercioExteriorDeEspana_1879,92
EstadisticaGeneralDelComercioExteriorDeEspana_1880,94
EstadisticaGeneralDelComercioExteriorDeEspana_1881,98
EstadisticaGeneralDelComercioExteriorDeEspana_1882,120
EstadisticaGeneralDelComercioExteriorDeEspana_1883,123
EstadisticaGeneralDelComercioExteriorDeEspana_1884,116
EstadisticaGeneralDelComercioExteriorDeEspana_1885,128
EstadisticaGeneralDelComercioExteriorDeEspana_1886,120
EstadisticaGeneralDelComercioExteriorDeEspana_1887,112
EstadisticaGeneralDelComercioExteriorDeEspana_1888,118
EstadisticaGeneralDelComercioExteriorDeEspana_1889,130
EstadisticaGeneralDelComercioExteriorDeEspana_1890,102
EstadisticaGeneralDelComercioExteriorDeEspana_1891,106
EstadisticaGeneralDelComercioExteriorDeEspana_1892,106
EstadisticaGeneralDelComercioExteriorDeEspana_1893,122
EstadisticaGeneralDelComercioExteriorDeEspana_1894,126
EstadisticaGeneralDelComercioExteriorDeEspana_1895,120
EstadisticaGeneralDelComercioExteriorDeEspana_1896,116
EstadisticaGeneralDelComercioExteriorDeEspana_1897,142
EstadisticaGeneralDelComercioExteriorDeEspana_1898,142
EstadisticaGeneralDelComercioExteriorDeEspana_1899,148
EstadisticaGeneralDelComercioExteriorDeEspana_1900,150
EstadisticaGeneralDelComercioExteriorDeEspana_1901,146
EstadisticaGeneralDelComercioExteriorDeEspana_1902,148
EstadisticaGeneralDelComercioExteriorDeEspana_1903,150
EstadisticaGeneralDelComercioExteriorDeEspana_1904,150
EstadisticaGeneralDelComercioExteriorDeEspana_1905,158
EstadisticaGeneralDelComercioExteriorDeEspana_1906,156
EstadisticaGeneralDelComercioExteriorDeEspana_1907,158
EstadisticaGeneralDelComercioExteriorDeEspana_1908,154
EstadisticaGeneralDelComercioExteriorDeEspana_1909,160
EstadisticaGeneralDelComercioExteriorDeEspana_1910,158
EstadisticaGeneralDelComercioExteriorDeEspana_1911,150
EstadisticaGeneralDelComercioExteriorDeEspana_1912,156
EstadisticaGeneralDelComercioExteriorDeEspana_1913,154
EstadisticaGeneralDelComercioExteriorDeEspana_1914,156
EstadisticaGeneralDelComercioExteriorDeEspana_1915_Vol1,155
EstadisticaGeneralDelComercioExteriorDeEspana_1916_Vol1,158
EstadisticaGeneralDelComercioExteriorDeEspana_1917,148
EstadisticaGeneralDelComercioExteriorDeEspana_1918,144
EstadisticaGeneralDelComercioExteriorDeEspana_1919,162
EstadisticaGeneralDelComercioExteriorDeEspana_1921_Vol1,174
EstadisticaGeneralDelComercioExteriorDeEspana_1921_Vol2,148
EstadisticaGeneralDelComercioExteriorDeEspana_1922_Vol2,182
EstadisticaGeneralDelComercioExteriorDeEspana_1924,162
EstadisticaGeneralDelComercioExteriorDeEspana_1927_Vol2,182
EstadisticaGeneralDelComercioExteriorDeEspana_1928_Vol2,588
EstadisticaGeneralDelComercioExteriorDeEspana_1930_Vol2,198
EstadisticaGeneralDelComercioExteriorDeEspana_1931_Vol2,588
EstadisticaGeneralDelComercioExteriorDeEspana_1934_Vol2,396
ExtractoEstadisticoDelPeru_1920,1798
ExtractoEstadisticoDelPeru_1923,234
ExtraitsDavisDivers1eSerieAvisDivers_Fc20,88
ExtraitsDavisDivers1eSerieAvisDivers_Fc21,270
ExtraitsDavisDivers1eSerieAvisDivers_Fc22,156
ExtraitsDavisDivers1eSerieAvisDivers_Fc23,265
ExtraitsDavisDivers1eSerieAvisDivers_Fc24,138
ExtraitsDavisDivers1eSerieAvisDivers_Fc25,412
ExtraitsDavisDivers1eSerieAvisDivers_Fc26,134
ExtraitsDavisDivers1eSerieAvisDivers_Fc27,308
ExtraitsDavisDivers1eSerieAvisDivers_Fc28,334
ExtraitsDavisDivers1eSerieAvisDivers_Fc29,129
ExtraitsDavisDivers1eSerieAvisDivers_Fc31,406
ExtraitsDavisDivers1eSerieAvisDivers_Fc32,206
ExtraitsDavisDivers1eSerieAvisDivers_Fc33,100
ExtraitsDavisDivers1eSerieAvisDivers_Fc34,232
ExtraitsDavisDivers1eSerieAvisDivers_Fc35,374
ExtraitsDavisDivers1eSerieAvisDivers_Fc36,344
ExtraitsDavisDivers1eSerieAvisDivers_Fc40,300
FedericoGAndTenajunguitoA_WorldTrade18001938ANewSynthesisRevistaDeHistoriaEconomicajournalOfIberianAndLatinAmericaEconomicHistoryVol37N1,27191
ForeignCommerceAndNavigationOfTheUnitedStates_184950,225
ForeignCommerceAndNavigationOfTheUnitedStates_185051,216
ForeignCommerceAndNavigationOfTheUnitedStates_185152,229
ForeignCommerceAndNavigationOfTheUnitedStates_185253,242
ForeignCommerceAndNavigationOfTheUnitedStates_185354,231
ForeignCommerceAndNavigationOfTheUnitedStates_185455,238
ForeignCommerceAndNavigationOfTheUnitedStates_185556,244
ForeignCommerceAndNavigationOfTheUnitedStates_185657,244
ForeignCommerceAndNavigationOfTheUnitedStates_185758,235
ForeignCommerceAndNavigationOfTheUnitedStates_185859,232
ForeignCommerceAndNavigationOfTheUnitedStates_185960,232
ForeignCommerceAndNavigationOfTheUnitedStates_186061,232
ForeignCommerceAndNavigationOfTheUnitedStates_186162,226
ForeignCommerceAndNavigationOfTheUnitedStates_186263,216
ForeignCommerceAndNavigationOfTheUnitedStates_186364,217
ForeignCommerceAndNavigationOfTheUnitedStates_186465,171
ForeignCommerceAndNavigationOfTheUnitedStates_186566,192
ForeignCommerceAndNavigationOfTheUnitedStates_186667,250
ForeignCommerceAndNavigationOfTheUnitedStates_186768,196
ForeignCommerceAndNavigationOfTheUnitedStates_186869_Vol1,40
ForeignCommerceAndNavigationOfTheUnitedStates_186869_Volii,46
ForeignCommerceAndNavigationOfTheUnitedStates_186970,88
ForeignCommerceAndNavigationOfTheUnitedStates_187071,86
ForeignCommerceAndNavigationOfTheUnitedStates_187172,88
ForeignCommerceAndNavigationOfTheUnitedStates_187273,119
ForeignCommerceAndNavigationOfTheUnitedStates_187374,121
ForeignCommerceAndNavigationOfTheUnitedStates_187475,117
ForeignCommerceAndNavigationOfTheUnitedStates_187576,113
ForeignCommerceAndNavigationOfTheUnitedStates_190102,428
ForeignCommerceAndNavigationOfTheUnitedStates_190203,420
ForeignCommerceAndNavigationOfTheUnitedStates_190304,388
ForeignCommerceAndNavigationOfTheUnitedStates_190504,424
ForeignCommerceAndNavigationOfTheUnitedStates_190506,420
ForeignCommerceAndNavigationOfTheUnitedStates_190607,420
ForeignCommerceAndNavigationOfTheUnitedStates_190708,432
ForeignCommerceAndNavigationOfTheUnitedStates_190809,440
ForeignCommerceAndNavigationOfTheUnitedStates_190910,444
ForeignCommerceAndNavigationOfTheUnitedStates_191011,452
ForeignCommerceAndNavigationOfTheUnitedStates_191112,456
ForeignCommerceAndNavigationOfTheUnitedStates_191213,472
ForeignCommerceAndNavigationOfTheUnitedStates_1918,305
ForeignCommerceAndNavigationOfTheUnitedStates_1919,1100
ForeignCommerceAndNavigationOfTheUnitedStates_1920,103
ForeignCommerceAndNavigationOfTheUnitedStates_1921,112
ForeignCommerceAndNavigationOfTheUnitedStates_1922,114
ForeignCommerceAndNavigationOfTheUnitedStates_1923,113
ForeignCommerceAndNavigationOfTheUnitedStates_1924,1214
ForeignCommerceAndNavigationOfTheUnitedStates_1925,221
ForeignCommerceAndNavigationOfTheUnitedStates_1926,110
ForeignCommerceAndNavigationOfTheUnitedStates_1927,110
ForeignCommerceAndNavigationOfTheUnitedStates_1928,110
ForeignCommerceAndNavigationOfTheUnitedStates_1929,112
ForeignCommerceAndNavigationOfTheUnitedStates_1930,1265
ForeignCommerceAndNavigationOfTheUnitedStates_1931,112
ForeignCommerceAndNavigationOfTheUnitedStates_1932,112
ForeignCommerceAndNavigationOfTheUnitedStates_1933,112
ForeignCommerceAndNavigationOfTheUnitedStates_1934,112
ForeignCommerceAndNavigationOfTheUnitedStates_1935,1230
ForeignCommerceAndNavigationOfTheUnitedStates_1936,111
ForeignCommerceAndNavigationOfTheUnitedStates_1937,111
ForeignCommerceAndNavigationOfTheUnitedStates_1938,113
ForeignCommerceAndNavigationOfTheUnitedStates_1939,682
HorlingsE_Nehajaarboek_Vol65,208
ImportsAndExportsIn18812015ByCountries2922016,2068
JoustelaKE_SuomenVenajanKauppaAutonomianAjanAlkupuoliskollaVv180965DerHandelFinnlandsMitRusslandIj18091865_Vol62,82
KimNNKjPark_KyongJeHakYonGu_Vol573,124
LeCommerceExterieurDeLegypte_18741878,22
LeCommerceExterieurNationalDansSesAspectsDiversRussie_1832,30
LeCommerceExterieurNationalDansSesAspectsDiversRussie_1833,48
LeCommerceExterieurNationalDansSesAspectsDiversRussie_1834,48
LeCommerceExterieurNationalDansSesAspectsDiversRussie_1835,48
LeCommerceExterieurNationalDansSesAspectsDiversRussie_1836,48
LeCommerceExterieurNationalDansSesAspectsDiversRussie_1837,48
LeCommerceExterieurNationalDansSesAspectsDiversRussie_1838,48
LeCommerceExterieurNationalDansSesAspectsDiversRussie_1839,46
LeCommerceExterieurNationalDansSesAspectsDiversRussie_1840,48
LeCommerceExterieurNationalDansSesAspectsDiversRussie_1841,50
LeCommerceExterieurNationalDansSesAspectsDiversRussie_1842,50
LeCommerceExterieurNationalDansSesAspectsDiversRussie_1843,52
LeCommerceExterieurNationalDansSesAspectsDiversRussie_1844,52
LeCommerceExterieurNationalDansSesAspectsDiversRussie_1845,58
LeCommerceExterieurNationalDansSesAspectsDiversRussie_1846,64
LeCommerceExterieurNationalDansSesAspectsDiversRussie_1847,64
LeCommerceExterieurNationalDansSesAspectsDiversRussie_1848,64
LeCommerceExterieurNationalDansSesAspectsDiversRussie_1849,64
LeCommerceExterieurNationalDansSesAspectsDiversRussie_1851,64
LeCommerceExterieurNationalDansSesAspectsDiversRussie_1852,64
LeCommerceExterieurNationalDansSesAspectsDiversRussie_1853,64
LeCommerceExterieurNationalDansSesAspectsDiversRussie_1854,64
LeCommerceExterieurNationalDansSesAspectsDiversRussie_1855,58
LeCommerceExterieurNationalDansSesAspectsDiversRussie_1856,62
LeCommerceExterieurNationalDansSesAspectsDiversRussie_1857,62
LeCommerceExterieurNationalDansSesAspectsDiversRussie_1858,60
LeCommerceExterieurNationalDansSesAspectsDiversRussie_1859,64
LeCommerceExterieurNationalDansSesAspectsDiversRussie_1860,64
LeCommerceExterieurNationalDansSesAspectsDiversRussie_1861,60
LeCommerceExterieurNationalDansSesAspectsDiversRussie_1862,60
MemorandumSurLeCommerceInternationalEtSurLesBalancesDesPaiements_19121926_Vol2,3526
MemorandumSurLeCommerceInternationalEtSurLesBalancesDesPaiements_19261928_Vol3,150
MemorandumSurLeCommerceInternationalEtSurLesBalancesDesPaiements_19271929_Vol3,28
MitchellBR_BritishHistoricalStatistics,389
MitchellBR_InternationalHistoricalStatistics_AfricaAsiaOceania_17502005,1110
MitchellBR_InternationalHistoricalStatistics_Europe_17502005,272
MitchellBR_InternationalHistoricalStatistics_TheAmericas_17502005,982
MouvementDuCommerceEtDeLaNavigationDeLaPuissanceDuCanada_1871,141
MouvementDuCommerceEtDeLaNavigationDeLaPuissanceDuCanada_1872,169
MouvementDuCommerceEtDeLaNavigationDeLaPuissanceDuCanada_1873,162
MovimentoCommercialeDelRegnoDitalia_1882,92
MovimentoCommercialeDelRegnoDitalia_1884,254
MovimentoCommercialeDelRegnoDitalia_1889,150
MovimentoCommercialeDelRegnoDitalia_1892,240
MovimentoCommercialeDelRegnoDitalia_1895,404
MovimentoCommercialeDelRegnoDitalia_1900,489
MovimentoCommercialeDelRegnoDitalia_1905_Vol1,590
MovimentoCommercialeDelRegnoDitalia_1910_Vol2,572
MovimentoCommercialeDelRegnoDitalia_1914_Vol2,770
MovimentoCommercialeDelRegnoDitalia_1919_Vol2,860
MovimentoCommercialeDelRegnoDitalia_1938_Vol1,3380
OfficialStatisticsOfFinlandTradeAndNavigation,364
OverseaTradeAndCustomsAndExciseRevenueOfTheCommonwealthOfAustralia_1906_Vol2,1032
OverseaTradeAndCustomsAndExciseRevenueOfTheCommonwealthOfAustralia_191718,524
OverseaTradeAndCustomsAndExciseRevenueOfTheCommonwealthOfAustralia_191819,1612
OverseaTradeAndCustomsAndExciseRevenueOfTheCommonwealthOfAustralia_192122,2338
OverseaTradeAndCustomsAndExciseRevenueOfTheCommonwealthOfAustralia_192829,2968
OverseaTradeAndCustomsAndExciseRevenueOfTheCommonwealthOfAustralia_193839,3062
PamukS_OttomanForeignTradeInThe19thCentury,168
RenseignementsGenerauxSurLeCommerceDesColoniesFrancaises_1915,1
RenseignementsGenerauxSurLeCommerceDesColoniesFrancaises_1917,1
RenseignementsGenerauxSurLeCommerceDesColoniesFrancaises_1919,3
RenseignementsGenerauxSurLeCommerceDesColoniesFrancaises_1921,1
RenseignementsGenerauxSurLeCommerceDesColoniesFrancaises_1923,1
RenseignementsGenerauxSurLeCommerceDesColoniesFrancaises_1925,1
RenseignementsGenerauxSurLeCommerceDesColoniesFrancaises_1927,1
RenseignementsGenerauxSurLeCommerceDesColoniesFrancaises_1928,237
ReportOnTheCommercialRelationsOfTheUnitedStatesWithAllForeignNations_18551856,1038
ResumeDesStatistiquesColonialesPourLesAnnees1892189318941895_18921895,48
ReturnsOfTradeAndTradeReportsChina_1875_Vol1,336
ReturnsOfTradeAndTradeReportsChina_1883_Vol1,346
ReturnsOfTradeAndTradeReportsChina_1891_Vol1,352
ReturnsOfTradeAndTradeReportsChina_1899_Vol1,352
ReturnsOfTradeAndTradeReportsChina_1907_Vol1,440
ReturnsOfTradeAndTradeReportsChina_1915_Vol1,560
SmitsJpHorlingsEJLVanZanden_DutchGdpAndItsComponents18001913,224
StatisticalAbstractForTheBritishEmpire_1913192429_Vol60,7379
StatisticalAbstractForTheBritishEmpire_19241930_Vol61,503
StatisticalAbstractForTheBritishEmpire_19241933_Vol63,110
StatisticalAbstractForTheBritishEmpire_19271936_Vol66,408
StatisticalAbstractForTheBritishEmpire_19291938_Vol68,7193
StatisticalAbstractForThePrincipalAndOtherForeignCountries_18601872_Vol1,20
StatisticalAbstractForThePrincipalAndOtherForeignCountries_1860187576_Vol4,347
StatisticalAbstractForThePrincipalAndOtherForeignCountries_1865187677_Vol5,31
StatisticalAbstractForThePrincipalAndOtherForeignCountries_1868187879_Vol7,1670
StatisticalAbstractForThePrincipalAndOtherForeignCountries_1870187980_Vol8,20
StatisticalAbstractForThePrincipalAndOtherForeignCountries_1871188081_Vol9,18
StatisticalAbstractForThePrincipalAndOtherForeignCountries_1872188182_Vol10,8
StatisticalAbstractForThePrincipalAndOtherForeignCountries_1875188485_Vol13,20
StatisticalAbstractForThePrincipalAndOtherForeignCountries_1877188687_Vol15,42
StatisticalAbstractForThePrincipalAndOtherForeignCountries_1878188788_Vol16,71
StatisticalAbstractForThePrincipalAndOtherForeignCountries_1879188889_Vol17,295
StatisticalAbstractForThePrincipalAndOtherForeignCountries_1880188990_Vol18,267
StatisticalAbstractForThePrincipalAndOtherForeignCountries_1881189091_Vol19,156
StatisticalAbstractForThePrincipalAndOtherForeignCountries_1882189192_Vol20,562
StatisticalAbstractForThePrincipalAndOtherForeignCountries_1883189293_Vol21,156
StatisticalAbstractForThePrincipalAndOtherForeignCountries_1884189394_Vol22,782
StatisticalAbstractForThePrincipalAndOtherForeignCountries_1885189495_Vol23,1705
StatisticalAbstractForThePrincipalAndOtherForeignCountries_1888189798_Vol26,18
StatisticalAbstractForThePrincipalAndOtherForeignCountries_1889189899_Vol27,919
StatisticalAbstractForThePrincipalAndOtherForeignCountries_1891190001_Vol29,5913
StatisticalAbstractForThePrincipalAndOtherForeignCountries_1892190102_Vol30,14
StatisticalAbstractForThePrincipalAndOtherForeignCountries_1894190304_Vol32,22
StatisticalAbstractForThePrincipalAndOtherForeignCountries_1895190405_Vol33,34
StatisticalAbstractForThePrincipalAndOtherForeignCountries_1897190708_Vol35,20
StatisticalAbstractForThePrincipalAndOtherForeignCountries_1898190809_Vol36,36
StatisticalAbstractForThePrincipalAndOtherForeignCountries_1899190910_Vol37,220
StatisticalAbstractForThePrincipalAndOtherForeignCountries_1900191011_Vol38,118
StatisticalAbstractForThePrincipalAndOtherForeignCountries_19011912_Vol39,555
StatisticalAbstractForThePrincipalAndOtherForeignCountries_19071918,24310
StatisticalAbstractForTheSeveralBritishColoniesPossessionsAndProtectorates_18891903_Vol41,106
StatisticalAbstractForTheSeveralBritishColoniesPossessionsAndProtectorates_18901904_Vol42,78
StatisticalAbstractForTheSeveralBritishColoniesPossessionsAndProtectorates_18911905_Vol43,262
StatisticalAbstractForTheSeveralBritishColoniesPossessionsAndProtectorates_18921906_Vol44,48
StatisticalAbstractForTheSeveralBritishColoniesPossessionsAndProtectorates_18931907_Vol45,763
StatisticalAbstractForTheSeveralBritishOverseaDominionsAndProtectorates_19051919_Vol55,679
StatisticalAbstractForTheSeveralBritishOverseaDominionsAndProtectorates_1913192227_Vol59,14
StatisticalAbstractForTheSeveralBritishSelfgoverningDominionsColoniesPossessionsAndProtectorates_18951909_Vol47,52
StatisticalAbstractForTheSeveralBritishSelfgoverningDominionsColoniesPossessionsAndProtectorates_18961910_Vol48,30
StatisticalAbstractForTheSeveralBritishSelfgoverningDominionsColoniesPossessionsAndProtectorates_18971911_Vol49,14
StatisticalAbstractForTheSeveralBritishSelfgoverningDominionsColoniesPossessionsAndProtectorates_18991913_Vol51,13830
StatisticalAbstractForTheSeveralBritishSelfgoverningDominionsColoniesPossessionsAndProtectorates_19001914_Vol52,872
StatisticalAbstractForTheSeveralBritishSelfgoverningDominionsColoniesPossessionsAndProtectorates_19011915_Vol53,202
StatisticalAbstractForTheSeveralColonialAndOtherPossessionsOfTheUnitedKingdom_18501863_Vol1,370
StatisticalAbstractForTheSeveralColonialAndOtherPossessionsOfTheUnitedKingdom_18611875_Vol13,1068
StatisticalAbstractForTheSeveralColonialAndOtherPossessionsOfTheUnitedKingdom_18631877_Vol15,515
StatisticalAbstractForTheSeveralColonialAndOtherPossessionsOfTheUnitedKingdom_18671881_Vol19,628
StatisticalAbstractForTheSeveralColonialAndOtherPossessionsOfTheUnitedKingdom_18691883_Vol21,44
StatisticalAbstractForTheSeveralColonialAndOtherPossessionsOfTheUnitedKingdom_18701884_Vol22,8295
StatisticalAbstractForTheSeveralColonialAndOtherPossessionsOfTheUnitedKingdom_18711885_Vol23,192
StatisticalAbstractForTheSeveralColonialAndOtherPossessionsOfTheUnitedKingdom_18721886_Vol24,4
StatisticalAbstractForTheSeveralColonialAndOtherPossessionsOfTheUnitedKingdom_18741888_Vol26,158
StatisticalAbstractForTheSeveralColonialAndOtherPossessionsOfTheUnitedKingdom_18751889_Vol27,86
StatisticalAbstractForTheSeveralColonialAndOtherPossessionsOfTheUnitedKingdom_18771891_Vol29,30
StatisticalAbstractForTheSeveralColonialAndOtherPossessionsOfTheUnitedKingdom_18781892_Vol30,52
StatisticalAbstractForTheSeveralColonialAndOtherPossessionsOfTheUnitedKingdom_18831897_Vol35,392
StatisticalAbstractForTheSeveralColonialAndOtherPossessionsOfTheUnitedKingdom_18841898_Vol36,86
StatisticalAbstractForTheSeveralColonialAndOtherPossessionsOfTheUnitedKingdom_18851899_Vol37,8862
StatisticalAbstractForTheSeveralColonialAndOtherPossessionsOfTheUnitedKingdom_18861900_Vol38,58
StatisticalAbstractForTheSeveralColonialAndOtherPossessionsOfTheUnitedKingdom_18871901_Vol39,2
StatisticalAbstractForTheSeveralColonialAndOtherPossessionsOfTheUnitedKingdom_18881902_Vol40,626
StatisticalAbstractOfForeignCountries,791
StatisticalAbstractOfTheUnitedStates_1878,2007
StatisticalAbstractOfTheUnitedStates_1891,3548
StatisticalAbstractOfTheUnitedStates_1900,2960
StatisticalAbstractOfTheUnitedStates_1913,396
StatisticalAbstractRelatingToBritishIndia_18401865,1247
StatisticalAbstractRelatingToBritishIndia_18601869,66
StatisticalAbstractRelatingToBritishIndia_186768187677,521
StatisticalAbstractRelatingToBritishIndia_187677188586,694
StatisticalAbstractRelatingToBritishIndia_188485189495,22
StatisticalAbstractRelatingToBritishIndia_188586189495,914
StatisticalAbstractRelatingToBritishIndia_189495190304,913
StatisticalAbstractRelatingToBritishIndia_190304191213,1230
StatistiekHandelNederlanden_1915,128
StatistiekHandelNederlanden_1916,122
StatistiekHandelNederlanden_1917,50
StatistiekHandelNederlanden_1918,36
StatistiekHandelNederlanden_1919_Vol2,191
StatistiekHandelNederlanden_1920_Vol2,184
StatistiekHandelNederlanden_1921_Vol2,182
StatistiekHandelNederlanden_1922_Vol2,188
StatistiekHandelNederlanden_1923_Vol2,190
StatistiekHandelNederlanden_1924_Vol2,190
StatistiekHandelNederlanden_1925_Vol2,190
StatistiekHandelNederlanden_1926_Vol2,190
StatistiekHandelNederlanden_1927_Vol2,200
StatistiekHandelNederlanden_1928_Vol2,200
StatistiekHandelNederlanden_1929_Vol2,200
StatistiekHandelNederlanden_1930_Vol2,200
StatistiekHandelNederlanden_1931_Vol2,200
StatistiekHandelNederlanden_1932_Vol2,182
StatistiekHandelNederlanden_1933_Vol2,182
StatistiekHandelNederlanden_1934_Vol2,190
StatistiekHandelNederlanden_1935_Vol2,190
StatistiekHandelNederlanden_1936_Vol2,196
StatistiekHandelNederlanden_1937_Vol2,206
StatistiekHandelNederlanden_1938_Vol2,208
StatistiekVanDenHandelEnDeScheepvaartInHetKoninkrijkDerNederlanden_1850,360
StatistiekVanDenHandelEnDeScheepvaartInHetKoninkrijkDerNederlanden_1851,370
StatistiekVanDenHandelEnDeScheepvaartInHetKoninkrijkDerNederlanden_1856,380
StatistiekVanDenHandelEnDeScheepvaartInHetKoninkrijkDerNederlanden_1861,360
StatistiekVanDenHandelEnDeScheepvaartInHetKoninkrijkDerNederlanden_1866,403
StatistiekVanDenHandelEnDeScheepvaartInHetKoninkrijkDerNederlanden_1871,108
StatistiekVanDenHandelEnDeScheepvaartInHetKoninkrijkDerNederlanden_1873,220
StatistiekVanDenHandelEnDeScheepvaartInHetKoninkrijkDerNederlanden_1874,104
StatistiekVanDenHandelEnDeScheepvaartInHetKoninkrijkDerNederlanden_1876,4
StatistiekVanDenHandelEnDeScheepvaartInHetKoninkrijkDerNederlanden_1877,110
StatistiekVanDenHandelEnDeScheepvaartInHetKoninkrijkDerNederlanden_1878,108
StatistiekVanDenHandelEnDeScheepvaartInHetKoninkrijkDerNederlanden_1879,4
StatistiekVanDenHandelEnDeScheepvaartInHetKoninkrijkDerNederlanden_1880,220
StatistiekVanDenHandelEnDeScheepvaartInHetKoninkrijkDerNederlanden_1881,104
StatistiekVanDenHandelEnDeScheepvaartInHetKoninkrijkDerNederlanden_1882,102
StatistiekVanDenHandelEnDeScheepvaartInHetKoninkrijkDerNederlanden_1883,104
StatistiekVanDenHandelEnDeScheepvaartInHetKoninkrijkDerNederlanden_1884,116
StatistiekVanDenHandelEnDeScheepvaartInHetKoninkrijkDerNederlanden_1885,4
StatistiekVanDenHandelEnDeScheepvaartInHetKoninkrijkDerNederlanden_1886,236
StatistiekVanDenHandelEnDeScheepvaartInHetKoninkrijkDerNederlanden_1887,4
StatistiekVanDenHandelEnDeScheepvaartInHetKoninkrijkDerNederlanden_1888,232
StatistiekVanDenHandelEnDeScheepvaartInHetKoninkrijkDerNederlanden_1889,4
StatistiekVanDenHandelEnDeScheepvaartInHetKoninkrijkDerNederlanden_1890,228
StatistiekVanDenHandelEnDeScheepvaartInHetKoninkrijkDerNederlanden_1891,4
StatistiekVanDenHandelEnDeScheepvaartInHetKoninkrijkDerNederlanden_1892,118
StatistiekVanDenHandelEnDeScheepvaartInHetKoninkrijkDerNederlanden_1893,228
StatistiekVanDenHandelEnDeScheepvaartInHetKoninkrijkDerNederlanden_1894,4
StatistiekVanDenHandelEnDeScheepvaartInHetKoninkrijkDerNederlanden_1895,236
StatistiekVanDenHandelEnDeScheepvaartInHetKoninkrijkDerNederlanden_1896,4
StatistiekVanDenHandelEnDeScheepvaartInHetKoninkrijkDerNederlanden_1897,240
StatistiekVanDenHandelEnDeScheepvaartInHetKoninkrijkDerNederlanden_1898,4
StatistiekVanDenHandelEnDeScheepvaartInHetKoninkrijkDerNederlanden_1899,245
StatistiekVanDenHandelEnDeScheepvaartInHetKoninkrijkDerNederlanden_1900,4
StatistiekVanDenHandelEnDeScheepvaartInHetKoninkrijkDerNederlanden_1901,252
StatistiekVanDenHandelEnDeScheepvaartInHetKoninkrijkDerNederlanden_1902,4
StatistiekVanDenHandelEnDeScheepvaartInHetKoninkrijkDerNederlanden_1903,232
StatistiekVanDenHandelEnDeScheepvaartInHetKoninkrijkDerNederlanden_1904,4
StatistiekVanDenHandelEnDeScheepvaartInHetKoninkrijkDerNederlanden_1905,118
StatistiekVanDenHandelEnDeScheepvaartInHetKoninkrijkDerNederlanden_1906,236
StatistiekVanDenHandelEnDeScheepvaartInHetKoninkrijkDerNederlanden_1907,124
StatistiekVanDenHandelEnDeScheepvaartInHetKoninkrijkDerNederlanden_1908,124
StatistiekVanDenHandelEnDeScheepvaartInHetKoninkrijkDerNederlanden_1909,4
StatistiekVanDenHandelEnDeScheepvaartInHetKoninkrijkDerNederlanden_1910,251
StatistiekVanDenHandelEnDeScheepvaartInHetKoninkrijkDerNederlanden_1911,5
StatistiekVanDenHandelEnDeScheepvaartInHetKoninkrijkDerNederlanden_1912,264
StatistiekVanDenHandelEnDeScheepvaartInHetKoninkrijkDerNederlanden_1913,5
StatistiekVanDenHandelEnDeScheepvaartInHetKoninkrijkDerNederlanden_1914,261
StatistiekVanDenHandelEnDeScheepvaartInHetKoninkrijkDerNederlanden_1915,5
StatistiekVanDenHandelEnDeScheepvaartInHetKoninkrijkDerNederlanden_1916,5
StatistiekVanDenHandelEnDeScheepvaartInHetKoninkrijkDerNederlanden_1917,4
StatistiekVanDenHandelEnDeScheepvaartInHetKoninkrijkDerNederlanden_1918,5
StatistiekVanDenHandelEnDeScheepvaartInHetKoninkrijkDerNederlanden_1920,4
StatistiekVanDenHandelEnDeScheepvaartInHetKoninkrijkDerNederlanden_1921,4
StatistiekVanDenHandelEnDeScheepvaartInHetKoninkrijkDerNederlanden_1922,4
StatistiekVanDenHandelEnDeScheepvaartInHetKoninkrijkDerNederlanden_1923,4
StatistiekVanDenHandelEnDeScheepvaartInHetKoninkrijkDerNederlanden_1924,4
StatistiekVanDenHandelEnDeScheepvaartInHetKoninkrijkDerNederlanden_1925,4
StatistiekVanDenHandelEnDeScheepvaartInHetKoninkrijkDerNederlanden_1926,4
StatistiekVanDenHandelEnDeScheepvaartInHetKoninkrijkDerNederlanden_1927,4
StatistiekVanDenHandelEnDeScheepvaartInHetKoninkrijkDerNederlanden_1928,4
StatistiekVanDenHandelEnDeScheepvaartInHetKoninkrijkDerNederlanden_1929,4
StatistiekVanDenHandelEnDeScheepvaartInHetKoninkrijkDerNederlanden_1931,4
StatistikDesWarenverkehrsDerSchweizMitDemAuslande_1890,64
StatistiqueDeLaBelgiqueTableauGeneralDuCommerceAvecLesPaysEtrangers_1841,405
StatistiqueDeLaBelgiqueTableauGeneralDuCommerceAvecLesPaysEtrangers_1846,75
StatistiqueDeLaBelgiqueTableauGeneralDuCommerceAvecLesPaysEtrangers_1847,225
StatistiqueDeLaBelgiqueTableauGeneralDuCommerceAvecLesPaysEtrangers_1849,12
StatistiqueDeLaBelgiqueTableauGeneralDuCommerceAvecLesPaysEtrangers_1850,154
StatistiqueDeLaBelgiqueTableauGeneralDuCommerceAvecLesPaysEtrangers_1852,228
StatistiqueDeLaBelgiqueTableauGeneralDuCommerceAvecLesPaysEtrangers_1855,234
StatistiqueDeLaBelgiqueTableauGeneralDuCommerceAvecLesPaysEtrangers_1858,462
StatistiqueDeLaBelgiqueTableauGeneralDuCommerceAvecLesPaysEtrangers_1864,468
StatistiqueDeLaBelgiqueTableauGeneralDuCommerceAvecLesPaysEtrangers_1870,492
StatistiqueDeLaBelgiqueTableauGeneralDuCommerceAvecLesPaysEtrangers_1875,344
StatistiqueDeLaBelgiqueTableauGeneralDuCommerceAvecLesPaysEtrangers_1880,542
StatistiqueDeLaBelgiqueTableauGeneralDuCommerceAvecLesPaysEtrangers_1885,540
StatistiqueDeLaBelgiqueTableauGeneralDuCommerceAvecLesPaysEtrangers_1890,590
StatistiqueDeLaBelgiqueTableauGeneralDuCommerceAvecLesPaysEtrangers_1895,702
StatistiqueDeLaBelgiqueTableauGeneralDuCommerceAvecLesPaysEtrangers_1900,1110
StatistiqueDeLaBelgiqueTableauGeneralDuCommerceAvecLesPaysEtrangers_1905,1115
StatistiqueDeLaBelgiqueTableauGeneralDuCommerceAvecLesPaysEtrangers_1908,682
StatistiqueDeLaBelgiqueTableauGeneralDuCommerceAvecLesPaysEtrangers_1911,228
StatistiqueDeLaBelgiqueTableauGeneralDuCommerceAvecLesPaysEtrangers_1912,654
StatistiqueDeLaBelgiqueTableauGeneralDuCommerceAvecLesPaysEtrangers_1913,212
StatistiqueDeLaFranceCommerceExterieur,924
StatistiqueDuCommerceDeLaPrincipauteDeBulgarieAvecLesPaysEtrangers_1882,17
StatistiqueDuCommerceDeLaPrincipauteDeBulgarieAvecLesPaysEtrangers_1886,161
StatistiqueDuCommerceDeLaPrincipauteDeBulgarieAvecLesPaysEtrangers_1890,170
StatistiqueDuCommerceDeLaPrincipauteDeBulgarieAvecLesPaysEtrangers_1895,180
StatistiqueDuCommerceDeLaPrincipauteDeBulgarieAvecLesPaysEtrangers_1900,180
StatistiqueDuCommerceDuRoyaumeDeBulgarieAvecLesPaysEtrangers_1905,210
StatistiqueDuCommerceDuRoyaumeDeBulgarieAvecLesPaysEtrangers_1910,220
StatistiqueDuCommerceDuRoyaumeDeBulgarieAvecLesPaysEtrangers_19131915,144
StatistiqueDuCommerceDuRoyaumeDeBulgarieAvecLesPaysEtrangers_19161918,250
StatistiqueDuCommerceDuRoyaumeDeBulgarieAvecLesPaysEtrangers_19191923,52
StatistiqueDuCommerceDuRoyaumeDeBulgarieAvecLesPaysEtrangers_1924,270
StatistiqueDuCommerceDuRoyaumeDeBulgarieAvecLesPaysEtrangers_1929,312
StatistiqueDuCommerceDuRoyaumeDeBulgarieAvecLesPaysEtrangers_1933,390
StatistiqueDuCommerceDuRoyaumeDeBulgarieAvecLesPaysEtrangers_1937,16
StatistiqueDuCommerceDuRoyaumeDeBulgarieAvecLesPaysEtrangers_1938,482
StatistiquesColoniales_1889,16
StatistiquesColoniales_1905,488
StatistiquesColoniales_1905_Vol1,260
StatistiquesColoniales_1905_Vol2,186
StatistiquesDuCommerceDesColoniesFrancaises_1914,584
StatistiquesDuCommerceExterieurDeLaSocieteDesNations,31570
StatistiquesDuCommerceExterieurDeLaSocieteDesNations_1930,140
StatistiquesDuCommerceExterieurDeLaSocieteDesNations_19311932,136
StatistiquesDuCommerceExterieurDeLaSocieteDesNations_1934,88
StatistiquesDuCommerceExterieurDeLaSocieteDesNations_1936,120
StatistiquesDuCommerceExterieurDeLaSocieteDesNations_1937,228
StatistiquesDuCommerceExterieurDeLaSocieteDesNations_1938,2
StatistiquesDuCommerceExterieurDesPossessionsFrancaises_1938,962
StatistischesHandbuchFurDasDeutscheReich_Vol2,2322
StatistischesJahrbuchFurDasDeutscheReich,3333
StatistischesJahrbuchFurDasDeutscheReich_1911,3
StatistischesJahrbuchFurDasDeutscheReich_1915,5
StatsNz_LongtermDataSeriesHOverseasTradeAndPayments,196
SverigesOfficiellaStatistikFutrikeshandelOchSjofartKommerskollegiiUnderdanigaBerattesle_18341837184818581868187818941899189418991904And1905,5040
TableauAnnuelDuCommerceDeLaBelgiqueAvecLesPaysEtrangers_1920,412
TableauDecennalDuCommerceDeLaFranceAvecSesColoniesEtLesPuissancesEtrangeres_18271836_Vol1,884
TableauDecennalDuCommerceDeLaFranceAvecSesColoniesEtLesPuissancesEtrangeres_18371846_Vol1,1094
TableauDecennalDuCommerceDeLaFranceAvecSesColoniesEtLesPuissancesEtrangeres_18471856,12
TableauDecennalDuCommerceDeLaFranceAvecSesColoniesEtLesPuissancesEtrangeres_18471856_Vol1,2300
TableauDecennalDuCommerceDeLaFranceAvecSesColoniesEtLesPuissancesEtrangeres_18571866,20
TableauDecennalDuCommerceDeLaFranceAvecSesColoniesEtLesPuissancesEtrangeres_18571866_Vol1,1080
TableauDecennalDuCommerceDeLaFranceAvecSesColoniesEtLesPuissancesEtrangeres_18671876,20
TableauDecennalDuCommerceDeLaFranceAvecSesColoniesEtLesPuissancesEtrangeres_18671876_Vol1,1120
TableauDecennalDuCommerceDeLaFranceAvecSesColoniesEtLesPuissancesEtrangeres_18771886,20
TableauDecennalDuCommerceDeLaFranceAvecSesColoniesEtLesPuissancesEtrangeres_18771886_Vol1,1180
TableauDecennalDuCommerceDeLaFranceAvecSesColoniesEtLesPuissancesEtrangeres_18871896,20
TableauDecennalDuCommerceDeLaFranceAvecSesColoniesEtLesPuissancesEtrangeres_18871896_Vol1,1240
TableauDesImportationsExportationsEtNavigationDuCanada_1905,144
TableauDesImportationsExportationsEtNavigationDuCanada_1906,138
TableauDesImportationsExportationsEtNavigationDuCanada_1907,140
TableauDesImportationsExportationsEtNavigationDuCanada_1908,146
TableauDesImportationsExportationsEtNavigationDuCanada_1909,150
TableauDesImportationsExportationsEtNavigationDuCanada_1910,144
TableauDesImportationsExportationsEtNavigationDuCanada_1912,182
TableauDesImportationsExportationsEtNavigationDuCanada_1913,176
TableauDesImportationsExportationsEtNavigationDuCanada_1914,180
TableauDesImportationsExportationsEtNavigationDuCanada_1915,174
TableauDuCommerceDeLalgerieAvecLaFranceLetrangerEtLesColoniesFrancaises_1900,124
TableauDuCommerceExterieurDeLaBelgiqueEtDuGrandducheDuLuxembourg_1922,470
TableauGeneralDuCommerceDeLaFranceAvecSesColoniesEtLesPuissancesEtrangeres_1852,92
TableauGeneralDuCommerceDeLaFranceAvecSesColoniesEtLesPuissancesEtrangeres_1853,44
TableauGeneralDuCommerceDeLaFranceAvecSesColoniesEtLesPuissancesEtrangeres_1854,46
TableauGeneralDuCommerceDeLaFranceAvecSesColoniesEtLesPuissancesEtrangeres_1855,42
TableauGeneralDuCommerceDeLaFranceAvecSesColoniesEtLesPuissancesEtrangeres_1856,48
TableauGeneralDuCommerceDeLaFranceAvecSesColoniesEtLesPuissancesEtrangeres_1857,40
TableauGeneralDuCommerceDeLaFranceAvecSesColoniesEtLesPuissancesEtrangeres_1858,46
TableauGeneralDuCommerceDeLaFranceAvecSesColoniesEtLesPuissancesEtrangeres_1859,46
TableauGeneralDuCommerceDeLaFranceAvecSesColoniesEtLesPuissancesEtrangeres_1860,44
TableauGeneralDuCommerceDeLaFranceAvecSesColoniesEtLesPuissancesEtrangeres_1861,42
TableauGeneralDuCommerceDeLaFranceAvecSesColoniesEtLesPuissancesEtrangeres_1862,48
TableauGeneralDuCommerceDeLaFranceAvecSesColoniesEtLesPuissancesEtrangeres_1863,46
TableauGeneralDuCommerceDeLaFranceAvecSesColoniesEtLesPuissancesEtrangeres_1864,50
TableauGeneralDuCommerceDeLaFranceAvecSesColoniesEtLesPuissancesEtrangeres_1865,48
TableauGeneralDuCommerceDeLaFranceAvecSesColoniesEtLesPuissancesEtrangeres_1866,52
TableauGeneralDuCommerceDeLaFranceAvecSesColoniesEtLesPuissancesEtrangeres_1867,60
TableauGeneralDuCommerceDeLaFranceAvecSesColoniesEtLesPuissancesEtrangeres_1868,60
TableauGeneralDuCommerceDeLaFranceAvecSesColoniesEtLesPuissancesEtrangeres_1869,66
TableauGeneralDuCommerceDeLaFranceAvecSesColoniesEtLesPuissancesEtrangeres_1870,66
TableauGeneralDuCommerceDeLaFranceAvecSesColoniesEtLesPuissancesEtrangeres_1871,64
TableauGeneralDuCommerceDeLaFranceAvecSesColoniesEtLesPuissancesEtrangeres_1872,52
TableauGeneralDuCommerceDeLaFranceAvecSesColoniesEtLesPuissancesEtrangeres_1873,44
TableauGeneralDuCommerceDeLaFranceAvecSesColoniesEtLesPuissancesEtrangeres_1874,52
TableauGeneralDuCommerceDeLaFranceAvecSesColoniesEtLesPuissancesEtrangeres_1875,50
TableauGeneralDuCommerceDeLaFranceAvecSesColoniesEtLesPuissancesEtrangeres_1876,48
TableauGeneralDuCommerceDeLaFranceAvecSesColoniesEtLesPuissancesEtrangeres_1877,52
TableauGeneralDuCommerceDeLaFranceAvecSesColoniesEtLesPuissancesEtrangeres_1878,50
TableauGeneralDuCommerceDeLaFranceAvecSesColoniesEtLesPuissancesEtrangeres_1879,58
TableauGeneralDuCommerceDeLaFranceAvecSesColoniesEtLesPuissancesEtrangeres_1880,54
TableauGeneralDuCommerceDeLaFranceAvecSesColoniesEtLesPuissancesEtrangeres_1881,46
TableauGeneralDuCommerceDeLaFranceAvecSesColoniesEtLesPuissancesEtrangeres_1882,46
TableauGeneralDuCommerceDeLaFranceAvecSesColoniesEtLesPuissancesEtrangeres_1883,48
TableauGeneralDuCommerceDeLaFranceAvecSesColoniesEtLesPuissancesEtrangeres_1884,56
TableauGeneralDuCommerceDeLaFranceAvecSesColoniesEtLesPuissancesEtrangeres_1885,52
TableauGeneralDuCommerceDeLaFranceAvecSesColoniesEtLesPuissancesEtrangeres_1886,54
TableauGeneralDuCommerceDeLaFranceAvecSesColoniesEtLesPuissancesEtrangeres_1887,54
TableauGeneralDuCommerceDeLaFranceAvecSesColoniesEtLesPuissancesEtrangeres_1888,54
TableauGeneralDuCommerceDeLaFranceAvecSesColoniesEtLesPuissancesEtrangeres_1889,66
TableauGeneralDuCommerceDeLaFranceAvecSesColoniesEtLesPuissancesEtrangeres_1890,82
TableauGeneralDuCommerceDeLaFranceAvecSesColoniesEtLesPuissancesEtrangeres_1891,74
TableauGeneralDuCommerceDeLaFranceAvecSesColoniesEtLesPuissancesEtrangeres_1892,74
TableauGeneralDuCommerceDeLaFranceAvecSesColoniesEtLesPuissancesEtrangeres_1893,74
TableauGeneralDuCommerceDeLaFranceAvecSesColoniesEtLesPuissancesEtrangeres_1894,74
TableauGeneralDuCommerceDeLaFranceAvecSesColoniesEtLesPuissancesEtrangeres_1895,94
TableauGeneralDuCommerceDeLaFranceAvecSesColoniesEtLesPuissancesEtrangeres_1896,102
TableauGeneralDuCommerceDeLaFranceAvecSesColoniesEtLesPuissancesEtrangeres_1897,104
TableauGeneralDuCommerceDeLaFranceAvecSesColoniesEtLesPuissancesEtrangeres_1898,104
TableauGeneralDuCommerceDeLaFranceAvecSesColoniesEtLesPuissancesEtrangeres_1899,120
TableauGeneralDuCommerceDeLaFranceAvecSesColoniesEtLesPuissancesEtrangeres_1902,630
TableauGeneralDuCommerceDeLaFranceAvecSesColoniesEtLesPuissancesEtrangeres_1907,780
TableauGeneralDuCommerceDeLaFranceAvecSesColoniesEtLesPuissancesEtrangeres_1910,22
TableauGeneralDuCommerceDeLaFranceAvecSesColoniesEtLesPuissancesEtrangeres_1913,792
TableauGeneralDuCommerceDeLaFranceAvecSesColoniesEtLesPuissancesEtrangeres_1914,131
TableauGeneralDuCommerceDeLaFranceAvecSesColoniesEtLesPuissancesEtrangeres_1915,131
TableauGeneralDuCommerceDeLaFranceAvecSesColoniesEtLesPuissancesEtrangeres_1916,131
TableauGeneralDuCommerceDeLaFranceAvecSesColoniesEtLesPuissancesEtrangeres_1917,131
TableauGeneralDuCommerceDeLaFranceAvecSesColoniesEtLesPuissancesEtrangeres_1918,131
TableauGeneralDuCommerceDeLaFranceAvecSesColoniesEtLesPuissancesEtrangeres_1919,172
TableauGeneralDuCommerceDeLaFranceAvecSesColoniesEtLesPuissancesEtrangeres_1925,1032
TableauGeneralDuCommerceDeLaFranceAvecSesColoniesEtLesPuissancesEtrangeres_1931,1032
TableauGeneralDuCommerceDeLaFranceAvecSesColoniesEtLesPuissancesEtrangeres_1937,1032
TableauGeneralDuCommerceDeLaFranceAvecSesColoniesEtLesPuissancesEtrangeres_1938,172
TableauxDuCommerceEtDeLaNavigationDeLaProvinceDuCanada_1850,18
TableauxDuCommerceEtDeLaNavigationDeLaProvinceDuCanada_1852,6
TableauxDuCommerceEtDeLaNavigationDeLaProvinceDuCanada_1853,6
TableauxDuCommerceEtDeLaNavigationDeLaProvinceDuCanada_1854,30
TableauxDuCommerceEtDeLaNavigationDeLaProvinceDuCanada_1856,12
TableauxDuCommerceEtDeLaNavigationDeLaProvinceDuCanada_1857,12
TableauxDuCommerceEtDeLaNavigationDeLaProvinceDuCanada_1858,6
TableauxDuCommerceEtDeLaNavigationDeLaProvinceDuCanada_1860,6
TableauxDuCommerceEtDeLaNavigationDeLaProvinceDuCanada_1861,18
TableauxDuCommerceEtDeLaNavigationDeLaProvinceDuCanada_1862,6
TableauxDuCommerceEtDeLaNavigationDeLaProvinceDuCanada_1863,30
TableauxDuCommerceEtDeLaNavigationDeLaProvinceDuCanada_1867,25
TableauxDuCommerceEtDeLaNavigationDuCanada_1874,62
TableauxDuCommerceEtDeLaNavigationDuCanada_1876,82
TableauxDuCommerceEtDeLaNavigationDuCanada_1882,84
TableauxDuCommerceEtDeLaNavigationDuCanada_1886,92
TableauxDuCommerceEtDeLaNavigationDuCanada_1889,94
TableauxDuCommerceEtDeLaNavigationDuCanada_1890,94
TableauxDuCommerceEtDeLaNavigationDuCanada_1891,93
TableauxDuCommerceEtDeLaNavigationDuCanada_1892,96
TableauxDuCommerceEtDeLaNavigationDuCanada_1896,101
TablesOfTheTradeAndNavigationOfTheDominionOfCanada_1875,155
TablesOfTheTradeAndNavigationOfTheDominionOfCanada_1894,99
TablesOfTheTradeAndNavigationOfTheDominionOfCanada_1895,97
TablesOfTheTradeAndNavigationOfTheDominionOfCanada_1897,88
TablesOfTheTradeAndNavigationOfTheDominionOfCanada_1898,106
TablesOfTheTradeAndNavigationOfTheDominionOfCanada_1899,108
TablesOfTheTradeAndNavigationOfTheDominionOfCanada_1904_Vol1,491
TablesOfTheTradeAndNavigationOfTheProvinceOfCanada_1851,6
TablesOfTheTradeAndNavigationOfTheProvinceOfCanada_1855,12
TablesShowingTheTradeOfTheUnitedKingdomWithDifferentForeignCountriesAndBritishPossessions_18311840,529
TenajunguitoA_NewSeriesOfTheSpanishForeignSector18502000,236
TheTradeOfChina_1923_Vol1,560
TheTradeOfChina_1931_Vol1,744
TheTradeOfChina_1932_Vol1,196
TheTradeOfChina_1933_Vol1,190
TheTradeOfChina_1934_Vol1,176
TheTradeOfChina_1936_Vol1,356
TheTradeOfChina_1938_Vol1,352
TradeOfCanada_1920,636
TradeOfCanada_1923,1200
TradeOfCanada_1928,1200
TradeOfCanada_1933,1210
TradeOfCanada_1938,1210
TradeOfTheUnitedKingdomRevenuePopulationAndCommerceForeignCountries_Fc52,593
UnionEconomiqueBelgoluxembourgeoiseTableauAnnuelDuCommerceAvecLesPaysEtrangers_1924,460
UnionEconomiqueBelgoluxembourgeoiseTableauAnnuelDuCommerceAvecLesPaysEtrangers_1925,222
UnionEconomiqueBelgoluxembourgeoiseTableauAnnuelDuCommerceAvecLesPaysEtrangers_1927,456
UnionEconomiqueBelgoluxembourgeoiseTableauAnnuelDuCommerceAvecLesPaysEtrangers_1929,476
UnionEconomiqueBelgoluxembourgeoiseTableauAnnuelDuCommerceAvecLesPaysEtrangers_1931,476
ValerioNEd_PortugueseHistoricalStatistics,286
YoshikoNagano_ReexaminingTheForeignTradeStructureOfTheColonialPhilippinesWithSpecialReferenceToTheIntraasianTrade,3528
