id,RICname_group,RICname_part
1,Aden & Aden Dependencies,Aden
2,Aden & Aden Dependencies,Aden Dependencies
3,Aden & Algeria (Algiers) & Asian Turkey & Egypt Arab Republic (Egypt) & Iran (Persia),Aden
4,Aden & Algeria (Algiers) & Asian Turkey & Egypt Arab Republic (Egypt) & Iran (Persia),Algeria (Algiers)
5,Aden & Algeria (Algiers) & Asian Turkey & Egypt Arab Republic (Egypt) & Iran (Persia),Asian Turkey
6,Aden & Algeria (Algiers) & Asian Turkey & Egypt Arab Republic (Egypt) & Iran (Persia),Egypt Arab Republic (Egypt)
7,Aden & Algeria (Algiers) & Asian Turkey & Egypt Arab Republic (Egypt) & Iran (Persia),Iran (Persia)
8,Aden & Algeria (Algiers) & Asian Turkey & Egypt Arab Republic (Egypt) & Iran (Persia) & Morocco,Aden
9,Aden & Algeria (Algiers) & Asian Turkey & Egypt Arab Republic (Egypt) & Iran (Persia) & Morocco,Algeria (Algiers)
10,Aden & Algeria (Algiers) & Asian Turkey & Egypt Arab Republic (Egypt) & Iran (Persia) & Morocco,Asian Turkey
11,Aden & Algeria (Algiers) & Asian Turkey & Egypt Arab Republic (Egypt) & Iran (Persia) & Morocco,Egypt Arab Republic (Egypt)
12,Aden & Algeria (Algiers) & Asian Turkey & Egypt Arab Republic (Egypt) & Iran (Persia) & Morocco,Iran (Persia)
13,Aden & Algeria (Algiers) & Asian Turkey & Egypt Arab Republic (Egypt) & Iran (Persia) & Morocco,Morocco
14,Aden & Asian Turkey & Egypt Arab Republic (Egypt),Aden
15,Aden & Asian Turkey & Egypt Arab Republic (Egypt),Asian Turkey
16,Aden & Asian Turkey & Egypt Arab Republic (Egypt),Egypt Arab Republic (Egypt)
17,Aden & British East Africa,Aden
18,Aden & British East Africa,British East Africa
19,Aden & India,Aden
20,Aden & India,India
21,Aden & Other countries,Aden
22,Aden & Other countries,Other countries
23,Aden & Perim I.,Aden
24,Aden & Perim I.,Perim I.
25,Aden & Straits Settlements,Aden
26,Aden & Straits Settlements,Straits Settlements
27,Afghanistan & Asian Turkey & Iran (Persia),Afghanistan
28,Afghanistan & Asian Turkey & Iran (Persia),Asian Turkey
29,Afghanistan & Asian Turkey & Iran (Persia),Iran (Persia)
30,Afghanistan & Baluchistan (Kalat),Afghanistan
31,Afghanistan & Baluchistan (Kalat),Baluchistan (Kalat)
32,Afghanistan & Iran (Persia),Afghanistan
33,Afghanistan & Iran (Persia),Iran (Persia)
34,African Turkey & Asian Turkey & European Turkey,African Turkey
35,African Turkey & Asian Turkey & European Turkey,Asian Turkey
36,African Turkey & Asian Turkey & European Turkey,European Turkey
37,Alaska & United States of America,Alaska
38,Alaska & United States of America,United States of America
39,"Albania & Fiume & Yugoslavia (Kingdom of Serbs, Croats and Slovenes)",Albania
40,"Albania & Fiume & Yugoslavia (Kingdom of Serbs, Croats and Slovenes)",Fiume
41,"Albania & Fiume & Yugoslavia (Kingdom of Serbs, Croats and Slovenes)","Yugoslavia (Kingdom of Serbs, Croats and Slovenes)"
42,Albania & Kingdom of Serbia & Montenegro,Albania
43,Albania & Kingdom of Serbia & Montenegro,Montenegro
44,Albania & Kingdom of Serbia & Montenegro,Kingdom of Serbia
45,"Albania & Yugoslavia (Kingdom of Serbs, Croats and Slovenes)",Albania
46,"Albania & Yugoslavia (Kingdom of Serbs, Croats and Slovenes)","Yugoslavia (Kingdom of Serbs, Croats and Slovenes)"
47,Alexandria & Damietta & Jeddah & Rosetta,Alexandria
48,Alexandria & Damietta & Jeddah & Rosetta,Damietta
49,Alexandria & Damietta & Jeddah & Rosetta,Jeddah
50,Alexandria & Damietta & Jeddah & Rosetta,Rosetta
51,Alexandria & Egypt Arab Republic (Egypt),Alexandria
52,Alexandria & Egypt Arab Republic (Egypt),Egypt Arab Republic (Egypt)
53,Alexandria & Suez Canal Zone,Alexandria
54,Alexandria & Suez Canal Zone,Suez Canal Zone
55,Algeria (Algiers) & France,Algeria (Algiers)
56,Algeria (Algiers) & France,France
57,Algeria (Algiers) & France & French Colonies (other),Algeria (Algiers)
58,Algeria (Algiers) & France & French Colonies (other),France
59,Algeria (Algiers) & France & French Colonies (other),French Colonies (other)
60,Algeria (Algiers) & France & Morocco & Tunisia (Tunis),Algeria (Algiers)
61,Algeria (Algiers) & France & Morocco & Tunisia (Tunis),France
62,Algeria (Algiers) & France & Morocco & Tunisia (Tunis),Morocco
63,Algeria (Algiers) & France & Morocco & Tunisia (Tunis),Tunisia (Tunis)
64,Algeria (Algiers) & Morocco,Algeria (Algiers)
65,Algeria (Algiers) & Morocco,Morocco
66,Algeria (Algiers) & Morocco & Tripolitania & Tunisia (Tunis),Algeria (Algiers)
67,Algeria (Algiers) & Morocco & Tripolitania & Tunisia (Tunis),Morocco
68,Algeria (Algiers) & Morocco & Tripolitania & Tunisia (Tunis),Tripolitania
69,Algeria (Algiers) & Morocco & Tripolitania & Tunisia (Tunis),Tunisia (Tunis)
70,Algeria (Algiers) & Morocco & Tunisia (Tunis) & Zanzibar,Algeria (Algiers)
71,Algeria (Algiers) & Morocco & Tunisia (Tunis) & Zanzibar,Morocco
72,Algeria (Algiers) & Morocco & Tunisia (Tunis) & Zanzibar,Tunisia (Tunis)
73,Algeria (Algiers) & Morocco & Tunisia (Tunis) & Zanzibar,Zanzibar
74,Algeria (Algiers) & Tunisia (Tunis),Algeria (Algiers)
75,Algeria (Algiers) & Tunisia (Tunis),Tunisia (Tunis)
76,Algiers & Annaba (Bône),Algiers
77,Algiers & Annaba (Bône),Annaba (Bône)
78,Altona & Hamburg,Altona
79,Altona & Hamburg,Hamburg
80,Altona & Wandsbeck,Altona
81,Altona & Wandsbeck,Wandsbeck
82,American Colonies & United States of America,American Colonies
83,American Colonies & United States of America,United States of America
84,Amirante Is. & Mauritius & Seychelles,Amirante Is.
85,Amirante Is. & Mauritius & Seychelles,Mauritius
86,Amirante Is. & Mauritius & Seychelles,Seychelles
87,Angola & Kabinda (Portuguese Congo),Angola
88,Angola & Kabinda (Portuguese Congo),Kabinda (Portuguese Congo)
89,Angola & Portuguese West Africa,Angola
90,Angola & Portuguese West Africa,Portuguese West Africa
91,Annam & Cambodia (Kampuchea) & Cochin China & French China Leased Territory & Tonkin,Annam
92,Annam & Cambodia (Kampuchea) & Cochin China & French China Leased Territory & Tonkin,Cambodia (Kampuchea)
93,Annam & Cambodia (Kampuchea) & Cochin China & French China Leased Territory & Tonkin,Cochin China
94,Annam & Cambodia (Kampuchea) & Cochin China & French China Leased Territory & Tonkin,French China Leased Territory
95,Annam & Cambodia (Kampuchea) & Cochin China & French China Leased Territory & Tonkin,Tonkin
96,Annam & Cambodia (Kampuchea) & Cochin China & Tonkin,Annam
97,Annam & Cambodia (Kampuchea) & Cochin China & Tonkin,Cambodia (Kampuchea)
98,Annam & Cambodia (Kampuchea) & Cochin China & Tonkin,Cochin China
99,Annam & Cambodia (Kampuchea) & Cochin China & Tonkin,Tonkin
100,Annam & Cochin China & Tonkin,Annam
101,Annam & Cochin China & Tonkin,Cochin China
102,Annam & Cochin China & Tonkin,Tonkin
103,Arabia (sea) & Persian Gulf Ports,Arabia (sea)
104,Arabia (sea) & Persian Gulf Ports,Persian Gulf Ports
105,Arakan & Bago (Pegu) & Mawlamyine & Rangoon,Arakan
106,Arakan & Bago (Pegu) & Mawlamyine & Rangoon,Bago (Pegu)
107,Arakan & Bago (Pegu) & Mawlamyine & Rangoon,Mawlamyine
108,Arakan & Bago (Pegu) & Mawlamyine & Rangoon,Rangoon
109,Arakan & Chittagong & Tanintharyi Region,Arakan
110,Arakan & Chittagong & Tanintharyi Region,Chittagong
111,Arakan & Chittagong & Tanintharyi Region,Tanintharyi Region
112,Arakan & Tanintharyi Region,Arakan
113,Arakan & Tanintharyi Region,Tanintharyi Region
114,Argentina (La Plata) & Brazil,Argentina (La Plata)
115,Argentina (La Plata) & Brazil,Brazil
116,Argentina (La Plata) & Chile,Argentina (La Plata)
117,Argentina (La Plata) & Chile,Chile
118,Argentina (La Plata) & Paraguay & Uruguay,Argentina (La Plata)
119,Argentina (La Plata) & Paraguay & Uruguay,Paraguay
120,Argentina (La Plata) & Paraguay & Uruguay,Uruguay
121,Argentina (La Plata) & Patagonia (Atlantic Coast),Argentina (La Plata)
122,Argentina (La Plata) & Patagonia (Atlantic Coast),Patagonia (Atlantic Coast)
123,Argentina (La Plata) & Uruguay,Argentina (La Plata)
124,Argentina (La Plata) & Uruguay,Uruguay
125,Arica & Tacna,Arica
126,Arica & Tacna,Tacna
127,Armenia & Kurdistan,Armenia
128,Armenia & Kurdistan,Kurdistan
129,Aruba & Bonaire,Aruba
130,Aruba & Bonaire,Bonaire
131,Ascension I. & St. Helena,Ascension I.
132,Ascension I. & St. Helena,St. Helena
133,Asian Turkey & Cyprus,Asian Turkey
134,Asian Turkey & Cyprus,Cyprus
135,Asian Turkey & European Turkey,Asian Turkey
136,Asian Turkey & European Turkey,European Turkey
137,Asian Turkey & Iran (Persia) & Middle-East,Asian Turkey
138,Asian Turkey & Iran (Persia) & Middle-East,Iran (Persia)
139,Asian Turkey & Iran (Persia) & Middle-East,Middle-East
140,Assab & Bailul & Massawah,Assab
141,Assab & Bailul & Massawah,Bailul
142,Assab & Bailul & Massawah,Massawah
143,Assam & Bengal,Assam
144,Assam & Bengal,Bengal
145,Assam & Bengal & Bihar & Odisha,Assam
146,Assam & Bengal & Bihar & Odisha,Bengal
147,Assam & Bengal & Bihar & Odisha,Bihar
148,Assam & Bengal & Bihar & Odisha,Odisha
149,Australia & Canada (Province of Canada),Australia
150,Australia & Canada (Province of Canada),Canada (Province of Canada)
151,Australia & Cape Colony (Cape of Good Hope) & Mauritius,Australia
152,Australia & Cape Colony (Cape of Good Hope) & Mauritius,Cape Colony (Cape of Good Hope)
153,Australia & Cape Colony (Cape of Good Hope) & Mauritius,Mauritius
154,Australia & Hawaii (Sandwich Is.),Australia
155,Australia & Hawaii (Sandwich Is.),Hawaii (Sandwich Is.)
156,Australia & New Caledonia & New Zealand,Australia
157,Australia & New Caledonia & New Zealand,New Caledonia
158,Australia & New Caledonia & New Zealand,New Zealand
159,Australia & New Zealand,Australia
160,Australia & New Zealand,New Zealand
161,Australia & New Zealand & Tasmania,Australia
162,Australia & New Zealand & Tasmania,New Zealand
163,Australia & New Zealand & Tasmania,Tasmania
164,Australia & Oceania,Australia
165,Australia & Oceania,Oceania
166,Australia & Tasmania,Australia
167,Australia & Tasmania,Tasmania
168,Australia & Western Australia,Australia
169,Australia & Western Australia,Western Australia
170,Australia (other) & New Zealand & Tasmania,Australia (other)
171,Australia (other) & New Zealand & Tasmania,New Zealand
172,Australia (other) & New Zealand & Tasmania,Tasmania
173,Australia (other) & Tasmania,Australia (other)
174,Australia (other) & Tasmania,Tasmania
175,Australian Northern Territory & South Australia,Australian Northern Territory
176,Australian Northern Territory & South Australia,South Australia
177,Austria & Cracow (Free City of Cracow),Austria
178,Austria & Cracow (Free City of Cracow),Cracow (Free City of Cracow)
179,Austria & Germany (Zollverein),Austria
180,Austria & Germany (Zollverein),Germany (Zollverein)
181,Austria & Italy,Austria
182,Austria & Italy,Italy
183,Austria & Lombardy-Venetia,Austria
184,Austria & Lombardy-Venetia,Lombardy-Venetia
185,Austria Ports & Trieste,Austria Ports
186,Austria Ports & Trieste,Trieste
187,Azores (Western Isles) & Canary Is.,Azores (Western Isles)
188,Azores (Western Isles) & Canary Is.,Canary Is.
189,Azores (Western Isles) & Cape Verde & Madeira Isles,Azores (Western Isles)
190,Azores (Western Isles) & Cape Verde & Madeira Isles,Cape Verde
191,Azores (Western Isles) & Cape Verde & Madeira Isles,Madeira Isles
192,Azores (Western Isles) & Madeira Isles,Azores (Western Isles)
193,Azores (Western Isles) & Madeira Isles,Madeira Isles
194,Azores (Western Isles) & Madeira Isles & Portugal,Azores (Western Isles)
195,Azores (Western Isles) & Madeira Isles & Portugal,Madeira Isles
196,Azores (Western Isles) & Madeira Isles & Portugal,Portugal
197,Azores (Western Isles) & Portugal,Azores (Western Isles)
198,Azores (Western Isles) & Portugal,Portugal
199,Bago (Pegu) & Bengal,Bago (Pegu)
200,Bago (Pegu) & Bengal,Bengal
201,Bago (Pegu) & Rangoon,Bago (Pegu)
202,Bago (Pegu) & Rangoon,Rangoon
203,Bahamas & British West Indies,Bahamas
204,Bahamas & British West Indies,British West Indies
205,Bahamas & Turks and Caicos Is.,Bahamas
206,Bahamas & Turks and Caicos Is.,Turks and Caicos Is.
207,Balearic Islands & Spain,Balearic Islands
208,Balearic Islands & Spain,Spain
209,Bali & Java & Riau,Bali
210,Bali & Java & Riau,Java
211,Bali & Java & Riau,Riau
212,Bali & Lombok,Bali
213,Bali & Lombok,Lombok
214,Bali & Lombok & Sumbawa,Bali
215,Bali & Lombok & Sumbawa,Lombok
216,Bali & Lombok & Sumbawa,Sumbawa
217,Baltiysk (Pillau) & Braniewo (Braunsberg) & Kaliningrad (Königsberg) & Primorsk (Fischhausen),Baltiysk (Pillau)
218,Baltiysk (Pillau) & Braniewo (Braunsberg) & Kaliningrad (Königsberg) & Primorsk (Fischhausen),Braniewo (Braunsberg)
219,Baltiysk (Pillau) & Braniewo (Braunsberg) & Kaliningrad (Königsberg) & Primorsk (Fischhausen),Kaliningrad (Königsberg)
220,Baltiysk (Pillau) & Braniewo (Braunsberg) & Kaliningrad (Königsberg) & Primorsk (Fischhausen),Primorsk (Fischhausen)
221,Bangka Island & Belitung,Bangka Island
222,Bangka Island & Belitung,Belitung
223,Barbary Coast (Algiers & Morocco & Tripolitania & Tunis),Algeria (Algiers)
224,Barbary Coast (Algiers & Morocco & Tripolitania & Tunis),Morocco
225,Barbary Coast (Algiers & Morocco & Tripolitania & Tunis),Tripolitania
226,Barbary Coast (Algiers & Morocco & Tripolitania & Tunis),Tunisia (Tunis)
227,Barbary Coast (Algiers & Egypt Arab Republic (Egypt) & Morocco & Tripolitania & Tunis),Algeria (Algiers)
228,Barbary Coast (Algiers & Egypt Arab Republic (Egypt) & Morocco & Tripolitania & Tunis),Morocco
229,Barbary Coast (Algiers & Egypt Arab Republic (Egypt) & Morocco & Tripolitania & Tunis),Tripolitania
230,Barbary Coast (Algiers & Egypt Arab Republic (Egypt) & Morocco & Tripolitania & Tunis),Tunisia (Tunis)
231,Barbary Coast (Algiers & Egypt Arab Republic (Egypt) & Morocco & Tripolitania & Tunis),Egypt Arab Republic (Egypt)
232,Barbary Coast (Algiers & Morocco & Tripolitania & Tunis) & Turkey (Ottoman Empire),Algeria (Algiers)
233,Barbary Coast (Algiers & Morocco & Tripolitania & Tunis) & Turkey (Ottoman Empire),Morocco
234,Barbary Coast (Algiers & Morocco & Tripolitania & Tunis) & Turkey (Ottoman Empire),Tripolitania
235,Barbary Coast (Algiers & Morocco & Tripolitania & Tunis) & Turkey (Ottoman Empire),Tunisia (Tunis)
236,Barbary Coast (Algiers & Morocco & Tripolitania & Tunis) & Turkey (Ottoman Empire),Turkey (Ottoman Empire)
237,Bavaria & Frankfurt & Saxony,Bavaria
238,Bavaria & Frankfurt & Saxony,Frankfurt
239,Bavaria & Frankfurt & Saxony,Saxony
240,Bavaria & Saxony,Bavaria
241,Bavaria & Saxony,Saxony
242,Beirut & Egypt Arab Republic (Egypt),Beirut
243,Beirut & Egypt Arab Republic (Egypt),Egypt Arab Republic (Egypt)
244,Beirut & Egypt Arab Republic (Egypt) & Syria,Beirut
245,Beirut & Egypt Arab Republic (Egypt) & Syria,Egypt Arab Republic (Egypt)
246,Beirut & Egypt Arab Republic (Egypt) & Syria,Syria
247,Belgium & Democratic Republic of the Congo (Zaire) (Kinshasa) (Belgian Congo) (Congo Free State),Belgium
248,Belgium & Democratic Republic of the Congo (Zaire) (Kinshasa) (Belgian Congo) (Congo Free State),Democratic Republic of the Congo (Zaire) (Kinshasa) (Belgian Congo) (Congo Free State)
249,Belgium & Germany (Zollverein) & Iran (Persia) & Morocco & Other countries & Sweden,Belgium
250,Belgium & Germany (Zollverein) & Iran (Persia) & Morocco & Other countries & Sweden,Germany (Zollverein)
251,Belgium & Germany (Zollverein) & Iran (Persia) & Morocco & Other countries & Sweden,Iran (Persia)
252,Belgium & Germany (Zollverein) & Iran (Persia) & Morocco & Other countries & Sweden,Morocco
253,Belgium & Germany (Zollverein) & Iran (Persia) & Morocco & Other countries & Sweden,Other countries
254,Belgium & Germany (Zollverein) & Iran (Persia) & Morocco & Other countries & Sweden,Sweden
255,Belgium & Germany (Zollverein) & Italy & Netherlands & Russia (USSR),Belgium
256,Belgium & Germany (Zollverein) & Italy & Netherlands & Russia (USSR),Germany (Zollverein)
257,Belgium & Germany (Zollverein) & Italy & Netherlands & Russia (USSR),Italy
258,Belgium & Germany (Zollverein) & Italy & Netherlands & Russia (USSR),Netherlands
259,Belgium & Germany (Zollverein) & Italy & Netherlands & Russia (USSR),Russia (USSR)
260,Belgium & Germany (Zollverein) & Morocco & Other countries & Spain,Belgium
261,Belgium & Germany (Zollverein) & Morocco & Other countries & Spain,Germany (Zollverein)
262,Belgium & Germany (Zollverein) & Morocco & Other countries & Spain,Morocco
263,Belgium & Germany (Zollverein) & Morocco & Other countries & Spain,Other countries
264,Belgium & Germany (Zollverein) & Morocco & Other countries & Spain,Spain
265,Belgium & Germany (Zollverein) & Netherlands,Belgium
266,Belgium & Germany (Zollverein) & Netherlands,Germany (Zollverein)
267,Belgium & Germany (Zollverein) & Netherlands,Netherlands
268,Belgium & Luxemburg,Belgium
269,Belgium & Luxemburg,Luxemburg
270,Belgium & Netherlands,Belgium
271,Belgium & Netherlands,Netherlands
272,Belize (British Honduras) & British West Indies,Belize (British Honduras)
273,Belize (British Honduras) & British West Indies,British West Indies
274,Belize (British Honduras) & British West Indies & Guyana (British Guiana),Belize (British Honduras)
275,Belize (British Honduras) & British West Indies & Guyana (British Guiana),British West Indies
276,Belize (British Honduras) & British West Indies & Guyana (British Guiana),Guyana (British Guiana)
277,Bengal & India & Persian Gulf,Bengal
278,Bengal & India & Persian Gulf,India
279,Bengal & India & Persian Gulf,Persian Gulf
280,Bengal & Myanmar (Burma),Bengal
281,Bengal & Myanmar (Burma),Myanmar (Burma)
282,Bengal & Sri Lanka (Ceylon),Bengal
283,Bengal & Sri Lanka (Ceylon),Sri Lanka (Ceylon)
284,Benghazi & Tripolitania,Benghazi
285,Benghazi & Tripolitania,Tripolitania
286,Berbera & Bulhar,Berbera
287,Berbera & Bulhar,Bulhar
288,Berbice & Demerara,Berbice
289,Berbice & Demerara,Demerara
290,Bermuda & British West Indies,Bermuda
291,Bermuda & British West Indies,British West Indies
292,Bhutan & Nepal,Bhutan
293,Bhutan & Nepal,Nepal
294,Black Sea & Russia (USSR),Black Sea
295,Black Sea & Russia (USSR),Russia (USSR)
296,Botswana (Bechuanaland) & Eswatini (Swaziland) & Lesotho (Basutoland),Botswana (Bechuanaland)
297,Botswana (Bechuanaland) & Eswatini (Swaziland) & Lesotho (Basutoland),Eswatini (Swaziland)
298,Botswana (Bechuanaland) & Eswatini (Swaziland) & Lesotho (Basutoland),Lesotho (Basutoland)
299,Botswana (Bechuanaland) & South Africa,Botswana (Bechuanaland)
300,Botswana (Bechuanaland) & South Africa,South Africa
301,Brazil & Chile,Brazil
302,Brazil & Chile,Chile
303,Brazil & Colombia (New Granada) (Gran Colombia),Brazil
304,Brazil & Colombia (New Granada) (Gran Colombia),Colombia (New Granada) (Gran Colombia)
305,Bremen & Hamburg,Bremen
306,Bremen & Hamburg,Hamburg
307,Bremen & Hanover,Bremen
308,Bremen & Hanover,Hanover
309,Bremen & Lübeck,Bremen
310,Bremen & Lübeck,Lübeck
311,Bremen & Prussia,Bremen
312,Bremen & Prussia,Prussia
313,British Africa & Gibraltar,British Africa
314,British Africa & Gibraltar,Gibraltar
315,British Asia & British Oceania,British Asia
316,British Asia & British Oceania,British Oceania
317,British Asia (other) & India,British Asia (other)
318,British Asia (other) & India,India
319,British Cameroons & Nigeria,British Cameroons
320,British Cameroons & Nigeria,Nigeria
321,British Cameroons & Northern Nigeria (British Nigeria),British Cameroons
322,British Cameroons & Northern Nigeria (British Nigeria),Northern Nigeria (British Nigeria)
323,British Colonies & United Kingdom,British Colonies
324,British Colonies & United Kingdom,United Kingdom
325,British Columbia & British East North America,British Columbia
326,British Columbia & British East North America,British East North America
327,British Columbia & Rupert's Land,British Columbia
328,British Columbia & Rupert's Land,Rupert's Land
329,British Columbia & Vancouver,British Columbia
330,British Columbia & Vancouver,Vancouver
331,British East Africa & Cape Colony (Cape of Good Hope) & Egypt Arab Republic (Egypt) & Madagascar (Malagasy Republic),British East Africa
332,British East Africa & Cape Colony (Cape of Good Hope) & Egypt Arab Republic (Egypt) & Madagascar (Malagasy Republic),Cape Colony (Cape of Good Hope)
333,British East Africa & Cape Colony (Cape of Good Hope) & Egypt Arab Republic (Egypt) & Madagascar (Malagasy Republic),Egypt Arab Republic (Egypt)
334,British East Africa & Cape Colony (Cape of Good Hope) & Egypt Arab Republic (Egypt) & Madagascar (Malagasy Republic),Madagascar (Malagasy Republic)
335,British East Africa & Cape Colony (Cape of Good Hope) & Madagascar (Malagasy Republic),British East Africa
336,British East Africa & Cape Colony (Cape of Good Hope) & Madagascar (Malagasy Republic),Cape Colony (Cape of Good Hope)
337,British East Africa & Cape Colony (Cape of Good Hope) & Madagascar (Malagasy Republic),Madagascar (Malagasy Republic)
338,British East Africa & Pemba Island & Zanzibar,British East Africa
339,British East Africa & Pemba Island & Zanzibar,Pemba Island
340,British East Africa & Pemba Island & Zanzibar,Zanzibar
341,British Europe & United Kingdom,British Europe
342,British Europe & United Kingdom,United Kingdom
343,British Mediterranean & United Kingdom,British Mediterranean
344,British Mediterranean & United Kingdom,United Kingdom
345,British North America & United States of America,British North America
346,British North America & United States of America,United States of America
347,British Oceania & New Zealand,British Oceania
348,British Oceania & New Zealand,New Zealand
349,British South Africa & Cape Colony (Cape of Good Hope),British South Africa
350,British South Africa & Cape Colony (Cape of Good Hope),Cape Colony (Cape of Good Hope)
351,British Virgin Is. & Puerto Rico & Virgin Islands (Danish West Indies),British Virgin Is.
352,British Virgin Is. & Puerto Rico & Virgin Islands (Danish West Indies),Puerto Rico
353,British Virgin Is. & Puerto Rico & Virgin Islands (Danish West Indies),Virgin Islands (Danish West Indies)
354,British West Indies & United Kingdom,British West Indies
355,British West Indies & United Kingdom,United Kingdom
356,British West Indies (other) & Jamaica & Jamaica Dependencies & Trinidad and Tobago,British West Indies (other)
357,British West Indies (other) & Jamaica & Jamaica Dependencies & Trinidad and Tobago,Jamaica
358,British West Indies (other) & Jamaica & Jamaica Dependencies & Trinidad and Tobago,Jamaica Dependencies
359,British West Indies (other) & Jamaica & Jamaica Dependencies & Trinidad and Tobago,Trinidad and Tobago
360,Brunei & Sabah (North Borneo) & Sarawak,Brunei
361,Brunei & Sabah (North Borneo) & Sarawak,Sabah (North Borneo)
362,Brunei & Sabah (North Borneo) & Sarawak,Sarawak
363,Brunei & Sarawak,Brunei
364,Brunei & Sarawak,Sarawak
365,Buenos Aires & Montevideo,Buenos Aires
366,Buenos Aires & Montevideo,Montevideo
367,Bulgaria & Crete & European Turkey,Bulgaria
368,Bulgaria & Crete & European Turkey,Crete
369,Bulgaria & Crete & European Turkey,European Turkey
370,Bulgaria & European Turkey,Bulgaria
371,Bulgaria & European Turkey,European Turkey
372,Bulgaria & European Turkey & Kingdom of Serbia & Montenegro & Romania,Bulgaria
373,Bulgaria & European Turkey & Kingdom of Serbia & Montenegro & Romania,European Turkey
374,Bulgaria & European Turkey & Kingdom of Serbia & Montenegro & Romania,Montenegro
375,Bulgaria & European Turkey & Kingdom of Serbia & Montenegro & Romania,Romania
376,Bulgaria & European Turkey & Kingdom of Serbia & Montenegro & Romania,Kingdom of Serbia
377,Bulgaria & European Turkey & Kingdom of Serbia & Montenegro,Bulgaria
378,Bulgaria & European Turkey & Kingdom of Serbia & Montenegro,European Turkey
379,Bulgaria & European Turkey & Kingdom of Serbia & Montenegro,Montenegro
380,Bulgaria & European Turkey & Kingdom of Serbia & Montenegro,Kingdom of Serbia
381,Bulgaria & Kingdom of Serbia & Romania,Bulgaria
382,Bulgaria & Kingdom of Serbia & Romania,Romania
383,Bulgaria & Kingdom of Serbia & Romania,Kingdom of Serbia
384,Bulgaria & Kingdom of Serbia,Bulgaria
385,Bulgaria & Kingdom of Serbia,Kingdom of Serbia
386,Cambodia (Kampuchea) & Cochin China,Cambodia (Kampuchea)
387,Cambodia (Kampuchea) & Cochin China,Cochin China
388,Cambodia (Kampuchea) & Cochin China & Tonkin,Cambodia (Kampuchea)
389,Cambodia (Kampuchea) & Cochin China & Tonkin,Cochin China
390,Cambodia (Kampuchea) & Cochin China & Tonkin,Tonkin
391,Cameroun (French Cameroons) & French West Africa & Togo (French Togoland),Cameroun (French Cameroons)
392,Cameroun (French Cameroons) & French West Africa & Togo (French Togoland),French West Africa
393,Cameroun (French Cameroons) & French West Africa & Togo (French Togoland),Togo (French Togoland)
394,Canada (Province of Canada) & Newfoundland and Labrador (Newfoundland),Canada (Province of Canada)
395,Canada (Province of Canada) & Newfoundland and Labrador (Newfoundland),Newfoundland and Labrador (Newfoundland)
396,Canada (Province of Canada) & United States of America,Canada (Province of Canada)
397,Canada (Province of Canada) & United States of America,United States of America
398,Canary Is. & Cape Colony (Cape of Good Hope),Canary Is.
399,Canary Is. & Cape Colony (Cape of Good Hope),Cape Colony (Cape of Good Hope)
400,Canary Is. & Cape Colony (Cape of Good Hope) & Madagascar (Malagasy Republic),Canary Is.
401,Canary Is. & Cape Colony (Cape of Good Hope) & Madagascar (Malagasy Republic),Cape Colony (Cape of Good Hope)
402,Canary Is. & Cape Colony (Cape of Good Hope) & Madagascar (Malagasy Republic),Madagascar (Malagasy Republic)
403,Canary Is. & Madeira Isles,Canary Is.
404,Canary Is. & Madeira Isles,Madeira Isles
405,Canary Is. & Spain,Canary Is.
406,Canary Is. & Spain,Spain
407,Canary Is. & Spanish Morocco,Canary Is.
408,Canary Is. & Spanish Morocco,Spanish Morocco
409,Canary Is. & Tenerife,Canary Is.
410,Canary Is. & Tenerife,Tenerife
411,Cape Breton I. & Nova Scotia,Cape Breton I.
412,Cape Breton I. & Nova Scotia,Nova Scotia
413,Cape Colony (Cape of Good Hope) & East Indies & Mauritius,Cape Colony (Cape of Good Hope)
414,Cape Colony (Cape of Good Hope) & East Indies & Mauritius,East Indies
415,Cape Colony (Cape of Good Hope) & East Indies & Mauritius,Mauritius
416,Cape Colony (Cape of Good Hope) & Gambia & Guinea (French Guinea) (Rivieres du Sud) & Mauritius & Senegal,Cape Colony (Cape of Good Hope)
417,Cape Colony (Cape of Good Hope) & Gambia & Guinea (French Guinea) (Rivieres du Sud) & Mauritius & Senegal,Gambia
418,Cape Colony (Cape of Good Hope) & Gambia & Guinea (French Guinea) (Rivieres du Sud) & Mauritius & Senegal,Guinea (French Guinea) (Rivieres du Sud)
419,Cape Colony (Cape of Good Hope) & Gambia & Guinea (French Guinea) (Rivieres du Sud) & Mauritius & Senegal,Mauritius
420,Cape Colony (Cape of Good Hope) & Gambia & Guinea (French Guinea) (Rivieres du Sud) & Mauritius & Senegal,Senegal
421,Cape Colony (Cape of Good Hope) & India,Cape Colony (Cape of Good Hope)
422,Cape Colony (Cape of Good Hope) & India,India
423,Cape Colony (Cape of Good Hope) & Mauritius,Cape Colony (Cape of Good Hope)
424,Cape Colony (Cape of Good Hope) & Mauritius,Mauritius
425,Cape Colony (Cape of Good Hope) & Mauritius & New South Wales,Cape Colony (Cape of Good Hope)
426,Cape Colony (Cape of Good Hope) & Mauritius & New South Wales,Mauritius
427,Cape Colony (Cape of Good Hope) & Mauritius & New South Wales,New South Wales
428,Cape Colony (Cape of Good Hope) & Natal,Cape Colony (Cape of Good Hope)
429,Cape Colony (Cape of Good Hope) & Natal,Natal
430,"Cape Verde & East Timor (Portuguese Timor) & Macao & Portuguese India (incl. Goa, Diu, Daman) & Sao Tome-Principe",Cape Verde
431,"Cape Verde & East Timor (Portuguese Timor) & Macao & Portuguese India (incl. Goa, Diu, Daman) & Sao Tome-Principe",East Timor (Portuguese Timor)
432,"Cape Verde & East Timor (Portuguese Timor) & Macao & Portuguese India (incl. Goa, Diu, Daman) & Sao Tome-Principe",Macao
433,"Cape Verde & East Timor (Portuguese Timor) & Macao & Portuguese India (incl. Goa, Diu, Daman) & Sao Tome-Principe","Portuguese India (incl. Goa, Diu, Daman)"
434,"Cape Verde & East Timor (Portuguese Timor) & Macao & Portuguese India (incl. Goa, Diu, Daman) & Sao Tome-Principe",Sao Tome-Principe
435,Casablanca & El Jadida (Mazaghan),Casablanca
436,Casablanca & El Jadida (Mazaghan),El Jadida (Mazaghan)
437,Ceuta & Melilla,Ceuta
438,Ceuta & Melilla,Melilla
439,Channel Is. & Isle of Man,Channel Is.
440,Channel Is. & Isle of Man,Isle of Man
441,Channel Is. & United Kingdom,Channel Is.
442,Channel Is. & United Kingdom,United Kingdom
443,Chennai (Madras) & Indian Coast,Chennai (Madras)
444,Chennai (Madras) & Indian Coast,Indian Coast
445,Chennai (Madras) & Kolkata (Calcutta),Chennai (Madras)
446,Chennai (Madras) & Kolkata (Calcutta),Kolkata (Calcutta)
447,Chile & Cuba & Other countries & Peru,Chile
448,Chile & Cuba & Other countries & Peru,Cuba
449,Chile & Cuba & Other countries & Peru,Other countries
450,Chile & Cuba & Other countries & Peru,Peru
451,Chile & India,Chile
452,Chile & India,India
453,Chile & Patagonia (Pacific Coast),Chile
454,Chile & Patagonia (Pacific Coast),Patagonia (Pacific Coast)
455,Chile & Peru,Chile
456,Chile & Peru,Peru
457,Chinese Treaty Ports & Hong Kong,Chinese Treaty Ports
458,Chinese Treaty Ports & Hong Kong,Hong Kong
459,Cochin China & Java & Philippines & Thailand (Siam),Cochin China
460,Cochin China & Java & Philippines & Thailand (Siam),Java
461,Cochin China & Java & Philippines & Thailand (Siam),Philippines
462,Cochin China & Java & Philippines & Thailand (Siam),Thailand (Siam)
463,Cochin China & Macao & People's Republic of China (China),Cochin China
464,Cochin China & Macao & People's Republic of China (China),Macao
465,Cochin China & Macao & People's Republic of China (China),People's Republic of China (China)
466,Cochin China & Oceania & People's Republic of China (China),Cochin China
467,Cochin China & Oceania & People's Republic of China (China),Oceania
468,Cochin China & Oceania & People's Republic of China (China),People's Republic of China (China)
469,Cochin China & Oceania & People's Republic of China (China) & Philippines,Cochin China
470,Cochin China & Oceania & People's Republic of China (China) & Philippines,Oceania
471,Cochin China & Oceania & People's Republic of China (China) & Philippines,People's Republic of China (China)
472,Cochin China & Oceania & People's Republic of China (China) & Philippines,Philippines
473,Cochin China & People's Republic of China (China),Cochin China
474,Cochin China & People's Republic of China (China),People's Republic of China (China)
475,Cochin China & Thailand (Siam),Cochin China
476,Cochin China & Thailand (Siam),Thailand (Siam)
477,Cochin China & Tonkin,Cochin China
478,Cochin China & Tonkin,Tonkin
479,Colombia (New Granada) (Gran Colombia) & Ecuador & Venezuela,Colombia (New Granada) (Gran Colombia)
480,Colombia (New Granada) (Gran Colombia) & Ecuador & Venezuela,Ecuador
481,Colombia (New Granada) (Gran Colombia) & Ecuador & Venezuela,Venezuela
482,Colombia (New Granada) (Gran Colombia) & Guatemala,Colombia (New Granada) (Gran Colombia)
483,Colombia (New Granada) (Gran Colombia) & Guatemala,Guatemala
484,Colombia (New Granada) (Gran Colombia) & Guatemala & Venezuela,Colombia (New Granada) (Gran Colombia)
485,Colombia (New Granada) (Gran Colombia) & Guatemala & Venezuela,Guatemala
486,Colombia (New Granada) (Gran Colombia) & Guatemala & Venezuela,Venezuela
487,Colombia (New Granada) (Gran Colombia) & Panama,Colombia (New Granada) (Gran Colombia)
488,Colombia (New Granada) (Gran Colombia) & Panama,Panama
489,Colombia (New Granada) (Gran Colombia) & Venezuela,Colombia (New Granada) (Gran Colombia)
490,Colombia (New Granada) (Gran Colombia) & Venezuela,Venezuela
491,Congo (Brazzaville) (French Congo) (Middle Congo) & French Africa (other) & Senegal,Congo (Brazzaville) (French Congo) (Middle Congo)
492,Congo (Brazzaville) (French Congo) (Middle Congo) & French Africa (other) & Senegal,French Africa (other)
493,Congo (Brazzaville) (French Congo) (Middle Congo) & French Africa (other) & Senegal,Senegal
494,Congo (Brazzaville) (French Congo) (Middle Congo) & French West Africa (other) & Senegal,Congo (Brazzaville) (French Congo) (Middle Congo)
495,Congo (Brazzaville) (French Congo) (Middle Congo) & French West Africa (other) & Senegal,French West Africa (other)
496,Congo (Brazzaville) (French Congo) (Middle Congo) & French West Africa (other) & Senegal,Senegal
497,Congo (Brazzaville) (French Congo) (Middle Congo) & Senegal,Congo (Brazzaville) (French Congo) (Middle Congo)
498,Congo (Brazzaville) (French Congo) (Middle Congo) & Senegal,Senegal
499,Corfu & Malta,Corfu
500,Corfu & Malta,Malta
501,Coromandel Coast Posts & Malabar Coast,Coromandel Coast Posts
502,Coromandel Coast Posts & Malabar Coast,Malabar Coast
503,Costa Rica & El Salvador & Guatemala,Costa Rica
504,Costa Rica & El Salvador & Guatemala,El Salvador
505,Costa Rica & El Salvador & Guatemala,Guatemala
506,Costa Rica & El Salvador & Guatemala & Honduras,Costa Rica
507,Costa Rica & El Salvador & Guatemala & Honduras,El Salvador
508,Costa Rica & El Salvador & Guatemala & Honduras,Guatemala
509,Costa Rica & El Salvador & Guatemala & Honduras,Honduras
510,Costa Rica & El Salvador & Guatemala & Honduras & Nicaragua,Costa Rica
511,Costa Rica & El Salvador & Guatemala & Honduras & Nicaragua,El Salvador
512,Costa Rica & El Salvador & Guatemala & Honduras & Nicaragua,Guatemala
513,Costa Rica & El Salvador & Guatemala & Honduras & Nicaragua,Honduras
514,Costa Rica & El Salvador & Guatemala & Honduras & Nicaragua,Nicaragua
515,Costa Rica & Guatemala & Honduras,Costa Rica
516,Costa Rica & Guatemala & Honduras,Guatemala
517,Costa Rica & Guatemala & Honduras,Honduras
518,Costa Rica & Guatemala & Honduras & Nicaragua,Costa Rica
519,Costa Rica & Guatemala & Honduras & Nicaragua,Guatemala
520,Costa Rica & Guatemala & Honduras & Nicaragua,Honduras
521,Costa Rica & Guatemala & Honduras & Nicaragua,Nicaragua
522,Crete & Egypt Arab Republic (Egypt),Crete
523,Crete & Egypt Arab Republic (Egypt),Egypt Arab Republic (Egypt)
524,Crete & European Turkey,Crete
525,Crete & European Turkey,European Turkey
526,Crete & Greece,Crete
527,Crete & Greece,Greece
528,Croatia & Dalmatia & Illyria,Croatia
529,Croatia & Dalmatia & Illyria,Dalmatia
530,Croatia & Dalmatia & Illyria,Illyria
531,Croatia & Kingdom of Serbia,Croatia
532,Croatia & Kingdom of Serbia,Kingdom of Serbia
533,Cuba & Curacao & Guadeloupe & Martinique & Puerto Rico & St. Croix & St. Thomas,Cuba
534,Cuba & Curacao & Guadeloupe & Martinique & Puerto Rico & St. Croix & St. Thomas,Curacao
535,Cuba & Curacao & Guadeloupe & Martinique & Puerto Rico & St. Croix & St. Thomas,Guadeloupe
536,Cuba & Curacao & Guadeloupe & Martinique & Puerto Rico & St. Croix & St. Thomas,Martinique
537,Cuba & Curacao & Guadeloupe & Martinique & Puerto Rico & St. Croix & St. Thomas,Puerto Rico
538,Cuba & Curacao & Guadeloupe & Martinique & Puerto Rico & St. Croix & St. Thomas,St. Croix
539,Cuba & Curacao & Guadeloupe & Martinique & Puerto Rico & St. Croix & St. Thomas,St. Thomas
540,Cuba & Haiti & Other countries & Puerto Rico,Cuba
541,Cuba & Haiti & Other countries & Puerto Rico,Haiti
542,Cuba & Haiti & Other countries & Puerto Rico,Other countries
543,Cuba & Haiti & Other countries & Puerto Rico,Puerto Rico
544,Cuba & La Guaira,Cuba
545,Cuba & La Guaira,La Guaira
546,Cuba & Philippines & Puerto Rico,Cuba
547,Cuba & Philippines & Puerto Rico,Philippines
548,Cuba & Philippines & Puerto Rico,Puerto Rico
549,Cuba & Puerto Rico,Cuba
550,Cuba & Puerto Rico,Puerto Rico
551,Cuba & Spain,Cuba
552,Cuba & Spain,Spain
553,Curacao & Dutch Windward Is. & Sint Eustatius,Curacao
554,Curacao & Dutch Windward Is. & Sint Eustatius,Dutch Windward Is.
555,Curacao & Dutch Windward Is. & Sint Eustatius,Sint Eustatius
556,Curacao & Jamaica & Trinidad and Tobago,Curacao
557,Curacao & Jamaica & Trinidad and Tobago,Jamaica
558,Curacao & Jamaica & Trinidad and Tobago,Trinidad and Tobago
559,Curacao & Netherlands,Curacao
560,Curacao & Netherlands,Netherlands
561,Cuxhaven & Heligoland,Cuxhaven
562,Cuxhaven & Heligoland,Heligoland
563,Cyprus & Gibraltar & Malta,Cyprus
564,Cyprus & Gibraltar & Malta,Gibraltar
565,Cyprus & Gibraltar & Malta,Malta
566,Cyprus & Gozo & Malta,Cyprus
567,Cyprus & Gozo & Malta,Gozo
568,Cyprus & Gozo & Malta,Malta
569,Cyprus & Gozo & Kingdom of Serbia & Malta,Cyprus
570,Cyprus & Gozo & Kingdom of Serbia & Malta,Gozo
571,Cyprus & Gozo & Kingdom of Serbia & Malta,Malta
572,Cyprus & Gozo & Kingdom of Serbia & Malta,Kingdom of Serbia
573,Cyprus & Malta,Cyprus
574,Cyprus & Malta,Malta
575,Cyprus & Palestine,Cyprus
576,Cyprus & Palestine,Palestine
577,Cyrenaica & Tripolitania,Cyrenaica
578,Cyrenaica & Tripolitania,Tripolitania
579,Dalny & Korea (Chosen) & Vladivostok,Dalny
580,Dalny & Korea (Chosen) & Vladivostok,Korea (Chosen)
581,Dalny & Korea (Chosen) & Vladivostok,Vladivostok
582,Danish America & Spanish America,Danish America
583,Danish America & Spanish America,Spanish America
584,Danish Colonies & Denmark,Danish Colonies
585,Danish Colonies & Denmark,Denmark
586,Danish India & French India & India,Danish India
587,Danish India & French India & India,French India
588,Danish India & French India & India,India
589,Danzig (Free City of Danzig) & Memel,Danzig (Free City of Danzig)
590,Danzig (Free City of Danzig) & Memel,Memel
591,Danzig (Free City of Danzig) & Poland,Danzig (Free City of Danzig)
592,Danzig (Free City of Danzig) & Poland,Poland
593,Davis Strait & Greenland,Davis Strait
594,Davis Strait & Greenland,Greenland
595,Democratic Republic of the Congo (Zaire) (Kinshasa) (Belgian Congo) (Congo Free State) & Ruanda-Urundi,Democratic Republic of the Congo (Zaire) (Kinshasa) (Belgian Congo) (Congo Free State)
596,Democratic Republic of the Congo (Zaire) (Kinshasa) (Belgian Congo) (Congo Free State) & Ruanda-Urundi,Ruanda-Urundi
597,Denmark & Denmark Colonies,Denmark
598,Denmark & Denmark Colonies,Denmark Colonies
599,Denmark & Faeroe Is.,Denmark
600,Denmark & Faeroe Is.,Faeroe Is.
601,Denmark & Faeroe Is. & Greenland & Iceland,Denmark
602,Denmark & Faeroe Is. & Greenland & Iceland,Faeroe Is.
603,Denmark & Faeroe Is. & Greenland & Iceland,Greenland
604,Denmark & Faeroe Is. & Greenland & Iceland,Iceland
605,Denmark & Faeroe Is. & Iceland,Denmark
606,Denmark & Faeroe Is. & Iceland,Faeroe Is.
607,Denmark & Faeroe Is. & Iceland,Iceland
608,Denmark & Greenland,Denmark
609,Denmark & Greenland,Greenland
610,Denmark & Greenland & Iceland,Denmark
611,Denmark & Greenland & Iceland,Greenland
612,Denmark & Greenland & Iceland,Iceland
613,Denmark & Holstein & Schleswig,Denmark
614,Denmark & Holstein & Schleswig,Holstein
615,Denmark & Holstein & Schleswig,Schleswig
616,Denmark & Iceland,Denmark
617,Denmark & Iceland,Iceland
618,Denmark & Madeira Isles & Spain,Denmark
619,Denmark & Madeira Isles & Spain,Madeira Isles
620,Denmark & Madeira Isles & Spain,Spain
621,Denmark & Norway,Denmark
622,Denmark & Norway,Norway
623,Denmark & Norway & Russia (USSR) & Sweden,Denmark
624,Denmark & Norway & Russia (USSR) & Sweden,Norway
625,Denmark & Norway & Russia (USSR) & Sweden,Russia (USSR)
626,Denmark & Norway & Russia (USSR) & Sweden,Sweden
627,Denmark & Norway & Sweden,Denmark
628,Denmark & Norway & Sweden,Norway
629,Denmark & Norway & Sweden,Sweden
630,Denmark & Russia (USSR),Denmark
631,Denmark & Russia (USSR),Russia (USSR)
632,Denmark & Russia (USSR) & Sweden,Denmark
633,Denmark & Russia (USSR) & Sweden,Russia (USSR)
634,Denmark & Russia (USSR) & Sweden,Sweden
637,Denmark & Virgin Islands (Danish West Indies),Denmark
638,Denmark & Virgin Islands (Danish West Indies),Virgin Islands (Danish West Indies)
639,Djibouti (Afar and Issas) (French Somaliland) & Eritrea,Djibouti (Afar and Issas) (French Somaliland)
640,Djibouti (Afar and Issas) (French Somaliland) & Eritrea,Eritrea
641,Djibouti (Afar and Issas) (French Somaliland) & Italian Somaliland,Djibouti (Afar and Issas) (French Somaliland)
642,Djibouti (Afar and Issas) (French Somaliland) & Italian Somaliland,Italian Somaliland
643,Djibouti (Afar and Issas) (French Somaliland) & Italian Somaliland & Somaliland Republic (British Somaliland),Djibouti (Afar and Issas) (French Somaliland)
644,Djibouti (Afar and Issas) (French Somaliland) & Italian Somaliland & Somaliland Republic (British Somaliland),Italian Somaliland
645,Djibouti (Afar and Issas) (French Somaliland) & Italian Somaliland & Somaliland Republic (British Somaliland),Somaliland Republic (British Somaliland)
646,Djibouti (Afar and Issas) (French Somaliland) & Obock,Djibouti (Afar and Issas) (French Somaliland)
647,Djibouti (Afar and Issas) (French Somaliland) & Obock,Obock
648,Djibouti (Afar and Issas) (French Somaliland) & Socotra I. & Somaliland Republic (British Somaliland),Djibouti (Afar and Issas) (French Somaliland)
649,Djibouti (Afar and Issas) (French Somaliland) & Socotra I. & Somaliland Republic (British Somaliland),Socotra I.
650,Djibouti (Afar and Issas) (French Somaliland) & Socotra I. & Somaliland Republic (British Somaliland),Somaliland Republic (British Somaliland)
651,Djibouti (Afar and Issas) (French Somaliland) & Somaliland Republic (British Somaliland),Djibouti (Afar and Issas) (French Somaliland)
652,Djibouti (Afar and Issas) (French Somaliland) & Somaliland Republic (British Somaliland),Somaliland Republic (British Somaliland)
653,Dodecanese Is. (Aegean Is.) & Italy,Dodecanese Is. (Aegean Is.)
654,Dodecanese Is. (Aegean Is.) & Italy,Italy
655,Dodecanese Is. (Aegean Is.) & Izmir (Smyrna),Dodecanese Is. (Aegean Is.)
656,Dodecanese Is. (Aegean Is.) & Izmir (Smyrna),Izmir (Smyrna)
657,Dodecanese Is. (Aegean Is.) & Romania & Turkey (Ottoman Empire),Dodecanese Is. (Aegean Is.)
658,Dodecanese Is. (Aegean Is.) & Romania & Turkey (Ottoman Empire),Romania
659,Dodecanese Is. (Aegean Is.) & Romania & Turkey (Ottoman Empire),Turkey (Ottoman Empire)
660,Dodecanese Is. (Aegean Is.) & Turkey (Ottoman Empire),Dodecanese Is. (Aegean Is.)
661,Dodecanese Is. (Aegean Is.) & Turkey (Ottoman Empire),Turkey (Ottoman Empire)
662,Dominican Republic (Santo Domingo) & Haiti,Dominican Republic (Santo Domingo)
663,Dominican Republic (Santo Domingo) & Haiti,Haiti
664,Dutch Asia & Dutch Oceania,Dutch Asia
665,Dutch Asia & Dutch Oceania,Dutch Oceania
666,Dutch Asia (other) & Java,Dutch Asia (other)
667,Dutch Asia (other) & Java,Java
668,Dutch Colonies & Netherlands,Dutch Colonies
669,Dutch Colonies & Netherlands,Netherlands
670,East India Company & People's Republic of China (China) & Sri Lanka (Ceylon),East India Company
671,East India Company & People's Republic of China (China) & Sri Lanka (Ceylon),People's Republic of China (China)
672,East India Company & People's Republic of China (China) & Sri Lanka (Ceylon),Sri Lanka (Ceylon)
673,East India Company & Sri Lanka (Ceylon),East India Company
674,East India Company & Sri Lanka (Ceylon),Sri Lanka (Ceylon)
675,East Indies & Guinea (French Guinea) (Rivieres du Sud) & People's Republic of China (China),East Indies
676,East Indies & Guinea (French Guinea) (Rivieres du Sud) & People's Republic of China (China),Guinea (French Guinea) (Rivieres du Sud)
677,East Indies & Guinea (French Guinea) (Rivieres du Sud) & People's Republic of China (China),People's Republic of China (China)
678,East Indies & People's Republic of China (China),East Indies
679,East Indies & People's Republic of China (China),People's Republic of China (China)
680,East Timor (Portuguese Timor) & Macao,East Timor (Portuguese Timor)
681,East Timor (Portuguese Timor) & Macao,Macao
682,Ecuador & Guatemala,Ecuador
683,Ecuador & Guatemala,Guatemala
684,Ecuador & Peru,Ecuador
685,Ecuador & Peru,Peru
686,Egypt Arab Republic (Egypt) & Egypt Arab Republic (Egypt) Dependencies,Egypt Arab Republic (Egypt)
687,Egypt Arab Republic (Egypt) & Egypt Arab Republic (Egypt) Dependencies,Egypt Arab Republic (Egypt) Dependencies
688,Egypt Arab Republic (Egypt) & Egypt Arab Republic (Egypt) Dependencies & Turkey (Ottoman Empire),Egypt Arab Republic (Egypt)
689,Egypt Arab Republic (Egypt) & Egypt Arab Republic (Egypt) Dependencies & Turkey (Ottoman Empire),Egypt Arab Republic (Egypt) Dependencies
690,Egypt Arab Republic (Egypt) & Egypt Arab Republic (Egypt) Dependencies & Turkey (Ottoman Empire),Turkey (Ottoman Empire)
691,Egypt Arab Republic (Egypt) & Greece & Turkey (Ottoman Empire),Egypt Arab Republic (Egypt)
692,Egypt Arab Republic (Egypt) & Greece & Turkey (Ottoman Empire),Greece
693,Egypt Arab Republic (Egypt) & Greece & Turkey (Ottoman Empire),Turkey (Ottoman Empire)
694,Egypt Arab Republic (Egypt) & Indian Transit,Egypt Arab Republic (Egypt)
695,Egypt Arab Republic (Egypt) & Indian Transit,Indian Transit
696,Egypt Arab Republic (Egypt) & North Sudan (Sudan) (Anglo-Egyptian),Egypt Arab Republic (Egypt)
697,Egypt Arab Republic (Egypt) & North Sudan (Sudan) (Anglo-Egyptian),North Sudan (Sudan) (Anglo-Egyptian)
698,Egypt Arab Republic (Egypt) & Syria,Egypt Arab Republic (Egypt)
699,Egypt Arab Republic (Egypt) & Syria,Syria
700,Egypt Arab Republic (Egypt) & Tripolitania,Egypt Arab Republic (Egypt)
701,Egypt Arab Republic (Egypt) & Tripolitania,Tripolitania
702,Egypt Arab Republic (Egypt) & Turkey (Ottoman Empire),Egypt Arab Republic (Egypt)
703,Egypt Arab Republic (Egypt) & Turkey (Ottoman Empire),Turkey (Ottoman Empire)
704,Eritrea & Italian Somaliland,Eritrea
705,Eritrea & Italian Somaliland,Italian Somaliland
706,Essaouira (Mogador) & Safi,Essaouira (Mogador)
707,Essaouira (Mogador) & Safi,Safi
708,European Turkey & Moldavia & Wallachia,European Turkey
709,European Turkey & Moldavia & Wallachia,Moldavia
710,European Turkey & Moldavia & Wallachia,Wallachia
711,European Turkey & Kingdom of Serbia & Montenegro & Romania,European Turkey
712,European Turkey & Kingdom of Serbia & Montenegro & Romania,Montenegro
713,European Turkey & Kingdom of Serbia & Montenegro & Romania,Romania
714,European Turkey & Kingdom of Serbia & Montenegro & Romania,Kingdom of Serbia
715,European Turkey & Romania,European Turkey
716,European Turkey & Romania,Romania
717,Faeroe Is. & Greenland,Faeroe Is.
718,Faeroe Is. & Greenland,Greenland
719,Faeroe Is. & Greenland & Iceland,Faeroe Is.
720,Faeroe Is. & Greenland & Iceland,Greenland
721,Faeroe Is. & Greenland & Iceland,Iceland
722,Faeroe Is. & Iceland,Faeroe Is.
723,Faeroe Is. & Iceland,Iceland
724,Falkland Is. & Falkland Is. Dependencies,Falkland Is.
725,Falkland Is. & Falkland Is. Dependencies,Falkland Is. Dependencies
726,Falkland Is. & Guyana (British Guiana),Falkland Is.
727,Falkland Is. & Guyana (British Guiana),Guyana (British Guiana)
728,Falkland Is. & Uruguay,Falkland Is.
729,Falkland Is. & Uruguay,Uruguay
730,Federated Malay States & Straits Settlements,Federated Malay States
731,Federated Malay States & Straits Settlements,Straits Settlements
732,Finland & Russia (USSR),Finland
733,Finland & Russia (USSR),Russia (USSR)
734,Fiume & Italy,Fiume
735,Fiume & Italy,Italy
736,Fiume & Kingdom of Sardinia & Milan & Papal States & Republic of St. Mark & Tuscany & Two Sicilies,Fiume
737,Fiume & Kingdom of Sardinia & Milan & Papal States & Republic of St. Mark & Tuscany & Two Sicilies,Kingdom of Sardinia
738,Fiume & Kingdom of Sardinia & Milan & Papal States & Republic of St. Mark & Tuscany & Two Sicilies,Milan
739,Fiume & Kingdom of Sardinia & Milan & Papal States & Republic of St. Mark & Tuscany & Two Sicilies,Papal States
740,Fiume & Kingdom of Sardinia & Milan & Papal States & Republic of St. Mark & Tuscany & Two Sicilies,Republic of St. Mark
741,Fiume & Kingdom of Sardinia & Milan & Papal States & Republic of St. Mark & Tuscany & Two Sicilies,Tuscany
742,Fiume & Kingdom of Sardinia & Milan & Papal States & Republic of St. Mark & Tuscany & Two Sicilies,Two Sicilies
743,Fiume & Republic of St. Mark & Trieste,Fiume
744,Fiume & Republic of St. Mark & Trieste,Republic of St. Mark
745,Fiume & Republic of St. Mark & Trieste,Trieste
746,Fiume & Trieste,Fiume
747,Fiume & Trieste,Trieste
748,France & French Colonies,France
749,France & French Colonies,French Colonies
750,France & French Mediterranean,France
751,France & French Mediterranean,French Mediterranean
752,France & Netherlands,France
753,France & Netherlands,Netherlands
754,France & Tahiti,France
755,France & Tahiti,Tahiti
756,France (French produce) & French Colonies (French produce),France (French produce)
757,France (French produce) & French Colonies (French produce),French Colonies (French produce)
758,French Asia & French India,French Asia
759,French Asia & French India,French India
760,French Asia & French India & Portuguese Asia,French Asia
761,French Asia & French India & Portuguese Asia,French India
762,French Asia & French India & Portuguese Asia,Portuguese Asia
763,French Asia & French Oceania,French Asia
764,French Asia & French Oceania,French Oceania
765,French Equatorial Africa & French West Africa,French Equatorial Africa
766,French Equatorial Africa & French West Africa,French West Africa
767,French Guiana & French West Indies,French Guiana
768,French Guiana & French West Indies,French West Indies
769,French Guiana & Guyana (British Guiana) & Surinam (Dutch Guiana),French Guiana
770,French Guiana & Guyana (British Guiana) & Surinam (Dutch Guiana),Guyana (British Guiana)
771,French Guiana & Guyana (British Guiana) & Surinam (Dutch Guiana),Surinam (Dutch Guiana)
772,French Guiana & St. Pierre and Miquelon,French Guiana
773,French Guiana & St. Pierre and Miquelon,St. Pierre and Miquelon
774,French Gulf of Guinea & Senegal,French Gulf of Guinea
775,French Gulf of Guinea & Senegal,Senegal
776,"French India & India & Portuguese India (incl. Goa, Diu, Daman)",French India
777,"French India & India & Portuguese India (incl. Goa, Diu, Daman)",India
778,"French India & India & Portuguese India (incl. Goa, Diu, Daman)","Portuguese India (incl. Goa, Diu, Daman)"
779,French Indochina & Japan & People's Republic of China (China),French Indochina
780,French Indochina & Japan & People's Republic of China (China),Japan
781,French Indochina & Japan & People's Republic of China (China),People's Republic of China (China)
782,French Indochina & People's Republic of China (China),French Indochina
783,French Indochina & People's Republic of China (China),People's Republic of China (China)
784,French Oceania (other) & New Caledonia,French Oceania (other)
785,French Oceania (other) & New Caledonia,New Caledonia
786,French West Africa & Senegal,French West Africa
787,French West Africa & Senegal,Senegal
788,French West Africa & Togo (French Togoland),French West Africa
789,French West Africa & Togo (French Togoland),Togo (French Togoland)
790,French West Indies & Netherlands Antilles & Spanish West Indies & St. Barthelemy & Virgin Islands (Danish West Indies),French West Indies
791,French West Indies & Netherlands Antilles & Spanish West Indies & St. Barthelemy & Virgin Islands (Danish West Indies),Netherlands Antilles
792,French West Indies & Netherlands Antilles & Spanish West Indies & St. Barthelemy & Virgin Islands (Danish West Indies),Spanish West Indies
793,French West Indies & Netherlands Antilles & Spanish West Indies & St. Barthelemy & Virgin Islands (Danish West Indies),St. Barthelemy
794,French West Indies & Netherlands Antilles & Spanish West Indies & St. Barthelemy & Virgin Islands (Danish West Indies),Virgin Islands (Danish West Indies)
795,French West Indies & St. Pierre and Miquelon,French West Indies
796,French West Indies & St. Pierre and Miquelon,St. Pierre and Miquelon
797,Galicia & Poland & Russian provinces,Galicia
798,Galicia & Poland & Russian provinces,Poland
799,Galicia & Poland & Russian provinces,Russian provinces
800,Gambia & Guinea (French Guinea) (Rivieres du Sud) & Senegal,Gambia
801,Gambia & Guinea (French Guinea) (Rivieres du Sud) & Senegal,Guinea (French Guinea) (Rivieres du Sud)
802,Gambia & Guinea (French Guinea) (Rivieres du Sud) & Senegal,Senegal
803,Gambia & Senegal,Gambia
804,Gambia & Senegal,Senegal
805,Gambia & Sierra Leone,Gambia
806,Gambia & Sierra Leone,Sierra Leone
807,Genoa & Kingdom of Sardinia,Genoa
808,Genoa & Kingdom of Sardinia,Kingdom of Sardinia
809,Genoa & Livorno,Genoa
810,Genoa & Livorno,Livorno
811,Genoa & Trieste,Genoa
812,Genoa & Trieste,Trieste
813,German China Leased Territory & German Oceania,German China Leased Territory
814,German China Leased Territory & German Oceania,German Oceania
815,German Colonies & Germany (Zollverein),German Colonies
816,German Colonies & Germany (Zollverein),Germany (Zollverein)
817,German East Africa & Germany (Zollverein),German East Africa
818,German East Africa & Germany (Zollverein),Germany (Zollverein)
819,German Ports & Hamburg & Hanse Towns (Bremen & Lübeck),German Ports
820,German Ports & Hamburg & Hanse Towns (Bremen & Lübeck),Bremen
821,German Ports & Hamburg & Hanse Towns (Bremen & Lübeck),Hamburg
822,German Ports & Hamburg & Hanse Towns (Bremen & Lübeck),Lübeck
823,German Togoland & Kamerun,German Togoland
824,German Togoland & Kamerun,Kamerun
825,German Togoland & Kamerun & Namibia (South West Africa) (German South West Africa),German Togoland
826,German Togoland & Kamerun & Namibia (South West Africa) (German South West Africa),Kamerun
827,German Togoland & Kamerun & Namibia (South West Africa) (German South West Africa),Namibia (South West Africa) (German South West Africa)
828,Germany (Zollverein) & Hamburg,Germany (Zollverein)
829,Germany (Zollverein) & Hamburg,Hamburg
830,Germany (Zollverein) & Hamburg & Hanse Towns (Bremen & Lübeck),Germany (Zollverein)
831,Germany (Zollverein) & Hamburg & Hanse Towns (Bremen & Lübeck),Bremen
832,Germany (Zollverein) & Hamburg & Hanse Towns (Bremen & Lübeck),Hamburg
833,Germany (Zollverein) & Hamburg & Hanse Towns (Bremen & Lübeck),Lübeck
834,Germany (Zollverein) & Rhine,Germany (Zollverein)
835,Germany (Zollverein) & Rhine,Rhine
836,Germany (Zollverein) & Saar,Germany (Zollverein)
837,Germany (Zollverein) & Saar,Saar
838,Germany (Zollverein) (other) & Prussia,Germany (Zollverein) (other)
839,Germany (Zollverein) (other) & Prussia,Prussia
840,Ghana (Gold Coast) & Gold Coast-Togoland (Neutral Zone),Ghana (Gold Coast)
841,Ghana (Gold Coast) & Gold Coast-Togoland (Neutral Zone),Gold Coast-Togoland (Neutral Zone)
842,Gibraltar & Ionian Is. & Malta & United Kingdom,Gibraltar
843,Gibraltar & Ionian Is. & Malta & United Kingdom,Ionian Is.
844,Gibraltar & Ionian Is. & Malta & United Kingdom,Malta
845,Gibraltar & Ionian Is. & Malta & United Kingdom,United Kingdom
846,Gibraltar & Malta,Gibraltar
847,Gibraltar & Malta,Malta
848,Gibraltar & Newfoundland and Labrador (Newfoundland) & United Kingdom,Gibraltar
849,Gibraltar & Newfoundland and Labrador (Newfoundland) & United Kingdom,Newfoundland and Labrador (Newfoundland)
850,Gibraltar & Newfoundland and Labrador (Newfoundland) & United Kingdom,United Kingdom
851,Gibraltar & Portugal & Spain,Gibraltar
852,Gibraltar & Portugal & Spain,Portugal
853,Gibraltar & Portugal & Spain,Spain
854,Gibraltar & Spain,Gibraltar
855,Gibraltar & Spain,Spain
856,Gibraltar & Spain & Spanish Colonies,Gibraltar
857,Gibraltar & Spain & Spanish Colonies,Spain
858,Gibraltar & Spain & Spanish Colonies,Spanish Colonies
859,Gibraltar & United Kingdom,Gibraltar
860,Gibraltar & United Kingdom,United Kingdom
861,Goree & Senegal,Goree
862,Goree & Senegal,Senegal
863,Gozo & Malta,Gozo
864,Gozo & Malta,Malta
865,Greece & Ionian Is.,Greece
866,Greece & Ionian Is.,Ionian Is.
867,Greece & Malta,Greece
868,Greece & Malta,Malta
869,Greece & Malta & Turkey (Ottoman Empire),Greece
870,Greece & Malta & Turkey (Ottoman Empire),Malta
871,Greece & Malta & Turkey (Ottoman Empire),Turkey (Ottoman Empire)
872,Greece & Romania & Turkey (Ottoman Empire),Greece
873,Greece & Romania & Turkey (Ottoman Empire),Romania
874,Greece & Romania & Turkey (Ottoman Empire),Turkey (Ottoman Empire)
875,Greece & Russia (USSR) & Turkey (Ottoman Empire),Greece
876,Greece & Russia (USSR) & Turkey (Ottoman Empire),Russia (USSR)
877,Greece & Russia (USSR) & Turkey (Ottoman Empire),Turkey (Ottoman Empire)
878,Greece & Turkey (Ottoman Empire),Greece
879,Greece & Turkey (Ottoman Empire),Turkey (Ottoman Empire)
880,Greenland & Iceland,Greenland
881,Greenland & Iceland,Iceland
882,Greenland & Svalbard Is.,Greenland
883,Greenland & Svalbard Is.,Svalbard Is.
884,Guadeloupe & Martinique,Guadeloupe
885,Guadeloupe & Martinique,Martinique
886,Guadeloupe & Martinique & Reunion (Bourbon I.),Guadeloupe
887,Guadeloupe & Martinique & Reunion (Bourbon I.),Martinique
888,Guadeloupe & Martinique & Reunion (Bourbon I.),Reunion (Bourbon I.)
889,Guam & Philippines,Guam
890,Guam & Philippines,Philippines
891,Guangzhou (Canton) & Manila,Guangzhou (Canton)
892,Guangzhou (Canton) & Manila,Manila
893,Guatemala & Mexico,Guatemala
894,Guatemala & Mexico,Mexico
895,Guatemala & Mexico & Texas,Guatemala
896,Guatemala & Mexico & Texas,Mexico
897,Guatemala & Mexico & Texas,Texas
898,Guatemala & Nicaragua,Guatemala
899,Guatemala & Nicaragua,Nicaragua
900,Haiti & Venezuela,Haiti
901,Haiti & Venezuela,Venezuela
902,Hamburg & North Germany,Hamburg
903,Hamburg & North Germany,North Germany
904,Hamburg & Hanover & Hanse Towns (Bremen & Heligoland & Kniphausen & Lübeck) & Mecklenburg Schwerin & Oldenburg,Hanover
905,Hamburg & Hanover & Hanse Towns (Bremen & Heligoland & Kniphausen & Lübeck) & Mecklenburg Schwerin & Oldenburg,Bremen
906,Hamburg & Hanover & Hanse Towns (Bremen & Heligoland & Kniphausen & Lübeck) & Mecklenburg Schwerin & Oldenburg,Hamburg
907,Hamburg & Hanover & Hanse Towns (Bremen & Heligoland & Kniphausen & Lübeck) & Mecklenburg Schwerin & Oldenburg,Lübeck
908,Hamburg & Hanover & Hanse Towns (Bremen & Heligoland & Kniphausen & Lübeck) & Mecklenburg Schwerin & Oldenburg,Heligoland
909,Hamburg & Hanover & Hanse Towns (Bremen & Heligoland & Kniphausen & Lübeck) & Mecklenburg Schwerin & Oldenburg,Kniphausen
910,Hamburg & Hanover & Hanse Towns (Bremen & Heligoland & Kniphausen & Lübeck) & Mecklenburg Schwerin & Oldenburg,Mecklenburg Schwerin
911,Hamburg & Hanover & Hanse Towns (Bremen & Heligoland & Kniphausen & Lübeck) & Mecklenburg Schwerin & Oldenburg,Oldenburg
912,Hanover & Mecklenburg Schwerin & Oldenburg,Hanover
913,Hanover & Mecklenburg Schwerin & Oldenburg,Mecklenburg Schwerin
914,Hanover & Mecklenburg Schwerin & Oldenburg,Oldenburg
915,Hanover & Mecklenburg Schwerin & Prussia,Hanover
916,Hanover & Mecklenburg Schwerin & Prussia,Mecklenburg Schwerin
917,Hanover & Mecklenburg Schwerin & Prussia,Prussia
918,Hanover & Oldenburg,Hanover
919,Hanover & Oldenburg,Oldenburg
920,Hamburg & Hanse Towns (Bremen & Lübeck),Bremen
921,Hamburg & Hanse Towns (Bremen & Lübeck),Hamburg
922,Hamburg & Hanse Towns (Bremen & Lübeck),Lübeck
923,Hamburg & Hanover & Hanse Towns (Bremen & Lübeck),Bremen
924,Hamburg & Hanover & Hanse Towns (Bremen & Lübeck),Hamburg
925,Hamburg & Hanover & Hanse Towns (Bremen & Lübeck),Lübeck
926,Hamburg & Hanover & Hanse Towns (Bremen & Lübeck),Hanover
927,Hamburg & Hanse Towns (Bremen & Lübeck) & Netherlands,Bremen
928,Hamburg & Hanse Towns (Bremen & Lübeck) & Netherlands,Hamburg
929,Hamburg & Hanse Towns (Bremen & Lübeck) & Netherlands,Lübeck
930,Hamburg & Hanse Towns (Bremen & Lübeck) & Netherlands,Netherlands
931,Hamburg & Hanse Towns (Bremen & Lübeck) & Prussia,Bremen
932,Hamburg & Hanse Towns (Bremen & Lübeck) & Prussia,Hamburg
933,Hamburg & Hanse Towns (Bremen & Lübeck) & Prussia,Lübeck
934,Hamburg & Hanse Towns (Bremen & Lübeck) & Prussia,Prussia
935,Hawaii (Sandwich Is.) & Puerto Rico & United States of America,Hawaii (Sandwich Is.)
936,Hawaii (Sandwich Is.) & Puerto Rico & United States of America,Puerto Rico
937,Hawaii (Sandwich Is.) & Puerto Rico & United States of America,United States of America
938,Hawaii (Sandwich Is.) & United States of America,Hawaii (Sandwich Is.)
939,Hawaii (Sandwich Is.) & United States of America,United States of America
940,Hejaz Sultanate & Turkish Ports,Hejaz Sultanate
941,Hejaz Sultanate & Turkish Ports,Turkish Ports
942,Holstein & Lauenburg & Schleswig,Holstein
943,Holstein & Lauenburg & Schleswig,Lauenburg
944,Holstein & Lauenburg & Schleswig,Schleswig
945,Holstein & Schleswig,Holstein
946,Holstein & Schleswig,Schleswig
947,Honduras & Mexican East Coast,Honduras
948,Honduras & Mexican East Coast,Mexican East Coast
949,Honduras & Panama,Honduras
950,Honduras & Panama,Panama
951,Hong Kong & India,Hong Kong
952,Hong Kong & India,India
953,Hong Kong & People's Republic of China (China),Hong Kong
954,Hong Kong & People's Republic of China (China),People's Republic of China (China)
955,Hong Kong & People's Republic of China (China) & Singapore,Hong Kong
956,Hong Kong & People's Republic of China (China) & Singapore,People's Republic of China (China)
957,Hong Kong & People's Republic of China (China) & Singapore,Singapore
958,India & Japan & People's Republic of China (China),India
959,India & Japan & People's Republic of China (China),Japan
960,India & Japan & People's Republic of China (China),People's Republic of China (China)
961,India & Mauritius,India
962,India & Mauritius,Mauritius
963,India & Myanmar (Burma),India
964,India & Myanmar (Burma),Myanmar (Burma)
965,India & Myanmar (Burma) & Straits Settlements,India
966,India & Myanmar (Burma) & Straits Settlements,Myanmar (Burma)
967,India & Myanmar (Burma) & Straits Settlements,Straits Settlements
968,India & New South Wales & United Kingdom,India
969,India & New South Wales & United Kingdom,New South Wales
970,India & New South Wales & United Kingdom,United Kingdom
971,India & Pacific Islands & People's Republic of China (China),India
972,India & Pacific Islands & People's Republic of China (China),Pacific Islands
973,India & Pacific Islands & People's Republic of China (China),People's Republic of China (China)
974,India & People's Republic of China (China),India
975,India & People's Republic of China (China),People's Republic of China (China)
976,India & People's Republic of China (China) & Singapore,India
977,India & People's Republic of China (China) & Singapore,People's Republic of China (China)
978,India & People's Republic of China (China) & Singapore,Singapore
979,India & Sri Lanka (Ceylon),India
980,India & Sri Lanka (Ceylon),Sri Lanka (Ceylon)
981,India & Straits Settlements,India
982,India & Straits Settlements,Straits Settlements
983,Indonesia (Dutch East Indies) & Netherlands Antilles,Indonesia (Dutch East Indies)
984,Indonesia (Dutch East Indies) & Netherlands Antilles,Netherlands Antilles
985,Indonesia (Dutch East Indies) (other) & Java,Indonesia (Dutch East Indies) (other)
986,Indonesia (Dutch East Indies) (other) & Java,Java
987,Ionian Is. & Malta,Ionian Is.
988,Ionian Is. & Malta,Malta
989,Ionian Is. & Malta & United Kingdom,Ionian Is.
990,Ionian Is. & Malta & United Kingdom,Malta
991,Ionian Is. & Malta & United Kingdom,United Kingdom
992,Ionian Is. & Morea,Ionian Is.
993,Ionian Is. & Morea,Morea
994,Ionian Is. & United Kingdom,Ionian Is.
995,Ionian Is. & United Kingdom,United Kingdom
996,Iraq (Mesopotamia) & Kuwait,Iraq (Mesopotamia)
997,Iraq (Mesopotamia) & Kuwait,Kuwait
998,Ireland & United Kingdom,Ireland
999,Ireland & United Kingdom,United Kingdom
1000,Greece & Istanbul (Constantinople) & Levant,Istanbul (Constantinople)
1001,Greece & Istanbul (Constantinople) & Levant,Greece
1002,Greece & Istanbul (Constantinople) & Levant,Levant
1003,Istanbul (Constantinople) & Izmir (Smyrna),Istanbul (Constantinople)
1004,Istanbul (Constantinople) & Izmir (Smyrna),Izmir (Smyrna)
1005,Istanbul (Constantinople) & Turkish Ports,Istanbul (Constantinople)
1006,Istanbul (Constantinople) & Turkish Ports,Turkish Ports
1007,Italian Colonies & Italy,Italian Colonies
1008,Italian Colonies & Italy,Italy
1009,Italy & Sardinia,Italy
1010,Italy & Sardinia,Sardinia
1011,Jakarta (Batavia) & Java & Sumatra,Jakarta (Batavia)
1012,Jakarta (Batavia) & Java & Sumatra,Java
1013,Jakarta (Batavia) & Java & Sumatra,Sumatra
1014,Jakarta (Batavia) & Singapore,Jakarta (Batavia)
1015,Jakarta (Batavia) & Singapore,Singapore
1016,Jamaica & Jamaica Dependencies,Jamaica
1017,Jamaica & Jamaica Dependencies,Jamaica Dependencies
1018,Japan & Japanese China Leased Territory & Republic of China (Taiwan) (Formosa),Japan
1019,Japan & Japanese China Leased Territory & Republic of China (Taiwan) (Formosa),Japanese China Leased Territory
1020,Japan & Japanese China Leased Territory & Republic of China (Taiwan) (Formosa),Republic of China (Taiwan) (Formosa)
1021,Japan & Korea (Chosen),Japan
1022,Japan & Korea (Chosen),Korea (Chosen)
1023,Japan & Kwangtung Territory (Leased) & Republic of China (Taiwan) (Formosa),Japan
1024,Japan & Kwangtung Territory (Leased) & Republic of China (Taiwan) (Formosa),Kwangtung Territory (Leased)
1025,Japan & Kwangtung Territory (Leased) & Republic of China (Taiwan) (Formosa),Republic of China (Taiwan) (Formosa)
1026,Japan & People's Republic of China (China),Japan
1027,Japan & People's Republic of China (China),People's Republic of China (China)
1028,Japan & Republic of China (Taiwan) (Formosa),Japan
1029,Japan & Republic of China (Taiwan) (Formosa),Republic of China (Taiwan) (Formosa)
1030,Japan & Southern Sakhalin I.,Japan
1031,Japan & Southern Sakhalin I.,Southern Sakhalin I.
1032,Java & Madura Island,Java
1033,Java & Madura Island,Madura Island
1034,Java & Maluku Islands (Mollucas),Java
1035,Java & Maluku Islands (Mollucas),Maluku Islands (Mollucas)
1036,Java & Sumatra,Java
1037,Java & Sumatra,Sumatra
1038,Johore & Kedah & Kelantan & Perlis & Trengganu,Johore
1039,Johore & Kedah & Kelantan & Perlis & Trengganu,Kedah
1040,Johore & Kedah & Kelantan & Perlis & Trengganu,Kelantan
1041,Johore & Kedah & Kelantan & Perlis & Trengganu,Perlis
1042,Johore & Kedah & Kelantan & Perlis & Trengganu,Trengganu
1043,Jordan (Transjordan) & Palestine,Jordan (Transjordan)
1044,Jordan (Transjordan) & Palestine,Palestine
1045,Karachi & Mumbai (Bombay),Karachi
1046,Karachi & Mumbai (Bombay),Mumbai (Bombay)
1047,Indian Ports (other) & Karachi & Mumbai (Bombay),Karachi
1048,Indian Ports (other) & Karachi & Mumbai (Bombay),Mumbai (Bombay)
1049,Indian Ports (other) & Karachi & Mumbai (Bombay),Indian Ports (other)
1050,Kenya (British East Africa Protectorate) & Malawi (Nyasaland) (British Central Africa Protectorate),Kenya (British East Africa Protectorate)
1051,Kenya (British East Africa Protectorate) & Malawi (Nyasaland) (British Central Africa Protectorate),Malawi (Nyasaland) (British Central Africa Protectorate)
1052,Kenya (British East Africa Protectorate) & Uganda,Kenya (British East Africa Protectorate)
1053,Kenya (British East Africa Protectorate) & Uganda,Uganda
1054,Kenya (British East Africa Protectorate) & Zanzibar,Kenya (British East Africa Protectorate)
1055,Kenya (British East Africa Protectorate) & Zanzibar,Zanzibar
1056,Kerguelen Is. & Madagascar (Malagasy Republic),Kerguelen Is.
1057,Kerguelen Is. & Madagascar (Malagasy Republic),Madagascar (Malagasy Republic)
1058,Kingdom of Sardinia & Monaco,Kingdom of Sardinia
1059,Kingdom of Sardinia & Monaco,Monaco
1060,Kingdom of Sardinia & Papal States & Two Sicilies,Kingdom of Sardinia
1061,Kingdom of Sardinia & Papal States & Two Sicilies,Papal States
1062,Kingdom of Sardinia & Papal States & Two Sicilies,Two Sicilies
1063,Kingdom of Sardinia & Tuscany,Kingdom of Sardinia
1064,Kingdom of Sardinia & Tuscany,Tuscany
1065,Kingdom of Sardinia & Two Sicilies,Kingdom of Sardinia
1066,Kingdom of Sardinia & Two Sicilies,Two Sicilies
1067,Kniphausen & Oldenburg,Kniphausen
1068,Kniphausen & Oldenburg,Oldenburg
1069,Kolkata (Calcutta) & Sri Lanka (Ceylon),Kolkata (Calcutta)
1070,Kolkata (Calcutta) & Sri Lanka (Ceylon),Sri Lanka (Ceylon)
1071,Koszalin & Stralsund & Szczecin,Koszalin
1072,Koszalin & Stralsund & Szczecin,Stralsund
1073,Koszalin & Stralsund & Szczecin,Szczecin
1074,Kuwait & Oman (Sultanate of Muscat and Oman) & United Arab Emirates (Trucial Oman),Kuwait
1075,Kuwait & Oman (Sultanate of Muscat and Oman) & United Arab Emirates (Trucial Oman),Oman (Sultanate of Muscat and Oman)
1076,Kuwait & Oman (Sultanate of Muscat and Oman) & United Arab Emirates (Trucial Oman),United Arab Emirates (Trucial Oman)
1077,Kwangtung Territory (Leased) & Manchukuo,Kwangtung Territory (Leased)
1078,Kwangtung Territory (Leased) & Manchukuo,Manchukuo
1079,Labuan I. & Straits Settlements,Labuan I.
1080,Labuan I. & Straits Settlements,Straits Settlements
1081,Lebanon & Syria,Lebanon
1082,Lebanon & Syria,Syria
1083,Lisbon & Porto,Lisbon
1084,Lisbon & Porto,Porto
1085,Lithuania & Memel,Lithuania
1086,Lithuania & Memel,Memel
1087,Lübeck & Mecklenburg Schwerin & Other countries,Lübeck
1088,Lübeck & Mecklenburg Schwerin & Other countries,Mecklenburg Schwerin
1089,Lübeck & Mecklenburg Schwerin & Other countries,Other countries
1090,Lucca & Modena & Papal States & Parma & Tuscany,Lucca
1091,Lucca & Modena & Papal States & Parma & Tuscany,Modena
1092,Lucca & Modena & Papal States & Parma & Tuscany,Papal States
1093,Lucca & Modena & Papal States & Parma & Tuscany,Parma
1094,Lucca & Modena & Papal States & Parma & Tuscany,Tuscany
1095,Lucca & Monaco & Papal States,Lucca
1096,Lucca & Monaco & Papal States,Monaco
1097,Lucca & Monaco & Papal States,Papal States
1098,Lucca & Papal States,Lucca
1099,Lucca & Papal States,Papal States
1100,Lucca & Tuscany,Lucca
1101,Lucca & Tuscany,Tuscany
1102,Macao & People's Republic of China (China),Macao
1103,Macao & People's Republic of China (China),People's Republic of China (China)
1104,Madagascar (Malagasy Republic) & Madagascar (Malagasy Republic) Dependencies,Madagascar (Malagasy Republic)
1105,Madagascar (Malagasy Republic) & Madagascar (Malagasy Republic) Dependencies,Madagascar (Malagasy Republic) Dependencies
1106,Madagascar (Malagasy Republic) & Mayotte & Nossi Be,Madagascar (Malagasy Republic)
1107,Madagascar (Malagasy Republic) & Mayotte & Nossi Be,Mayotte
1108,Madagascar (Malagasy Republic) & Mayotte & Nossi Be,Nossi Be
1109,Madagascar (Malagasy Republic) & Mayotte & Nossi Be & St. Marie de Madagascar,Madagascar (Malagasy Republic)
1110,Madagascar (Malagasy Republic) & Mayotte & Nossi Be & St. Marie de Madagascar,Mayotte
1111,Madagascar (Malagasy Republic) & Mayotte & Nossi Be & St. Marie de Madagascar,Nossi Be
1112,Madagascar (Malagasy Republic) & Mayotte & Nossi Be & St. Marie de Madagascar,St. Marie de Madagascar
1113,Madeira Isles & Portugal,Madeira Isles
1114,Madeira Isles & Portugal,Portugal
1115,Makran & Sonmiani,Makran
1116,Makran & Sonmiani,Sonmiani
1117,Malacca & Myanmar (Burma) & Singapore,Malacca
1118,Malacca & Myanmar (Burma) & Singapore,Myanmar (Burma)
1119,Malacca & Myanmar (Burma) & Singapore,Singapore
1120,Malacca & Penang,Malacca
1121,Malacca & Penang,Penang
1122,Malacca & Penang & Singapore,Malacca
1123,Malacca & Penang & Singapore,Penang
1124,Malacca & Penang & Singapore,Singapore
1125,Malawi (Nyasaland) (British Central Africa Protectorate) & Straits Settlements & Straits Settlements Dependencies,Malawi (Nyasaland) (British Central Africa Protectorate)
1126,Malawi (Nyasaland) (British Central Africa Protectorate) & Straits Settlements & Straits Settlements Dependencies,Straits Settlements
1127,Malawi (Nyasaland) (British Central Africa Protectorate) & Straits Settlements & Straits Settlements Dependencies,Straits Settlements Dependencies
1128,Malaysia (British Malaya) & Sarawak,Malaysia (British Malaya)
1129,Malaysia (British Malaya) & Sarawak,Sarawak
1130,Malaysia (British Malaya) & Straits Settlements,Malaysia (British Malaya)
1131,Malaysia (British Malaya) & Straits Settlements,Straits Settlements
1132,Malaysia (British Malaya) & Sumatra,Malaysia (British Malaya)
1133,Malaysia (British Malaya) & Sumatra,Sumatra
1134,Malta & United Kingdom,Malta
1135,Malta & United Kingdom,United Kingdom
1136,Maluku Islands (Mollucas) & Sulawesi (Celebes),Maluku Islands (Mollucas)
1137,Maluku Islands (Mollucas) & Sulawesi (Celebes),Sulawesi (Celebes)
1138,Manchuria & Mongolia & People's Republic of China (China),Manchuria
1139,Manchuria & Mongolia & People's Republic of China (China),Mongolia
1140,Manchuria & Mongolia & People's Republic of China (China),People's Republic of China (China)
1141,Manchuria & People's Republic of China (China),Manchuria
1142,Manchuria & People's Republic of China (China),People's Republic of China (China)
1143,Manitoba & North-Western Territory & Ontario (Upper Canada) & Quebec (Lower Canada) & Rupert's Land,Manitoba
1144,Manitoba & North-Western Territory & Ontario (Upper Canada) & Quebec (Lower Canada) & Rupert's Land,North-Western Territory
1145,Manitoba & North-Western Territory & Ontario (Upper Canada) & Quebec (Lower Canada) & Rupert's Land,Ontario (Upper Canada)
1146,Manitoba & North-Western Territory & Ontario (Upper Canada) & Quebec (Lower Canada) & Rupert's Land,Quebec (Lower Canada)
1147,Manitoba & North-Western Territory & Ontario (Upper Canada) & Quebec (Lower Canada) & Rupert's Land,Rupert's Land
1148,Mariana Is. & Philippines,Mariana Is.
1149,Mariana Is. & Philippines,Philippines
1150,Mauritius & Mauritius Dependencies,Mauritius
1151,Mauritius & Mauritius Dependencies,Mauritius Dependencies
1152,Mauritius & Mauritius Dependencies & Seychelles,Mauritius
1153,Mauritius & Mauritius Dependencies & Seychelles,Mauritius Dependencies
1154,Mauritius & Mauritius Dependencies & Seychelles,Seychelles
1155,Mauritius & Reunion (Bourbon I.),Mauritius
1156,Mauritius & Reunion (Bourbon I.),Reunion (Bourbon I.)
1157,Mauritius & South Africa,Mauritius
1158,Mauritius & South Africa,South Africa
1159,Mawlamyine & Rangoon,Mawlamyine
1160,Mawlamyine & Rangoon,Rangoon
1161,Mayotte & Nossi Be,Mayotte
1162,Mayotte & Nossi Be,Nossi Be
1163,Mayotte & Nossi Be & St. Marie de Madagascar,Mayotte
1164,Mayotte & Nossi Be & St. Marie de Madagascar,Nossi Be
1165,Mayotte & Nossi Be & St. Marie de Madagascar,St. Marie de Madagascar
1166,Mecklenburg Schwerin & Oldenburg,Mecklenburg Schwerin
1167,Mecklenburg Schwerin & Oldenburg,Oldenburg
1168,Mexico & Texas,Mexico
1169,Mexico & Texas,Texas
1170,Mexico & Venezuela,Mexico
1171,Mexico & Venezuela,Venezuela
1172,Milan & Papal States & Tuscany,Milan
1173,Milan & Papal States & Tuscany,Papal States
1174,Milan & Papal States & Tuscany,Tuscany
1175,Modena & Parma & Tuscany,Modena
1176,Modena & Parma & Tuscany,Parma
1177,Modena & Parma & Tuscany,Tuscany
1178,Moldavia & Wallachia,Moldavia
1179,Moldavia & Wallachia,Wallachia
1180,Mongolia & People's Republic of China (China),Mongolia
1181,Mongolia & People's Republic of China (China),People's Republic of China (China)
1182,Kingdom of Serbia & Montenegro,Montenegro
1183,Kingdom of Serbia & Montenegro,Kingdom of Serbia
1184,Morocco & Tangier,Morocco
1185,Morocco & Tangier,Tangier
1186,Morocco & Tripolitania,Morocco
1187,Morocco & Tripolitania,Tripolitania
1188,Morocco & Tunisia (Tunis),Morocco
1189,Morocco & Tunisia (Tunis),Tunisia (Tunis)
1190,Mozambique & Zambia (Northern Rhodesia),Mozambique
1191,Mozambique & Zambia (Northern Rhodesia),Zambia (Northern Rhodesia)
1192,Mozambique & Zanzibar,Mozambique
1193,Mozambique & Zanzibar,Zanzibar
1194,Indian Ports (other) & Mumbai (Bombay),Mumbai (Bombay)
1195,Indian Ports (other) & Mumbai (Bombay),Indian Ports (other)
1196,Mumbai (Bombay) & Sindh,Mumbai (Bombay)
1197,Mumbai (Bombay) & Sindh,Sindh
1198,Myanmar (Burma) & Thailand (Siam),Myanmar (Burma)
1199,Myanmar (Burma) & Thailand (Siam),Thailand (Siam)
1200,Nauru & New Zealand & Samoa (Western Samoa) (German Samoa),Nauru
1201,Nauru & New Zealand & Samoa (Western Samoa) (German Samoa),New Zealand
1202,Nauru & New Zealand & Samoa (Western Samoa) (German Samoa),Samoa (Western Samoa) (German Samoa)
1203,Nauru & Samoa (Western Samoa) (German Samoa),Nauru
1204,Nauru & Samoa (Western Samoa) (German Samoa),Samoa (Western Samoa) (German Samoa)
1205,Netherlands Antilles & West Irian (Dutch New Guinea),Netherlands Antilles
1206,Netherlands Antilles & West Irian (Dutch New Guinea),West Irian (Dutch New Guinea)
1207,New Brunswick & Nova Scotia,New Brunswick
1208,New Brunswick & Nova Scotia,Nova Scotia
1209,New Brunswick & Nova Scotia & Ontario (Upper Canada) & Prince Edward Is. & Quebec (Lower Canada),New Brunswick
1210,New Brunswick & Nova Scotia & Ontario (Upper Canada) & Prince Edward Is. & Quebec (Lower Canada),Nova Scotia
1211,New Brunswick & Nova Scotia & Ontario (Upper Canada) & Prince Edward Is. & Quebec (Lower Canada),Ontario (Upper Canada)
1212,New Brunswick & Nova Scotia & Ontario (Upper Canada) & Prince Edward Is. & Quebec (Lower Canada),Prince Edward Is.
1213,New Brunswick & Nova Scotia & Ontario (Upper Canada) & Prince Edward Is. & Quebec (Lower Canada),Quebec (Lower Canada)
1214,New Brunswick & Nova Scotia & Prince Edward Is.,New Brunswick
1215,New Brunswick & Nova Scotia & Prince Edward Is.,Nova Scotia
1216,New Brunswick & Nova Scotia & Prince Edward Is.,Prince Edward Is.
1217,New Guinea (German New Guinea) (Kaiser Wilhelmsland) & New Guinea (German New Guinea) (Kaiser Wilhelmsland) dependencies,New Guinea (German New Guinea) (Kaiser Wilhelmsland)
1218,New Guinea (German New Guinea) (Kaiser Wilhelmsland) & New Guinea (German New Guinea) (Kaiser Wilhelmsland) dependencies,New Guinea (German New Guinea) (Kaiser Wilhelmsland) dependencies
1219,New South Wales & Queensland,New South Wales
1220,New South Wales & Queensland,Queensland
1221,New South Wales & South Australia & Tasmania & Victoria,New South Wales
1222,New South Wales & South Australia & Tasmania & Victoria,South Australia
1223,New South Wales & South Australia & Tasmania & Victoria,Tasmania
1224,New South Wales & South Australia & Tasmania & Victoria,Victoria
1225,New South Wales & Western Australia,New South Wales
1226,New South Wales & Western Australia,Western Australia
1227,Newfoundland and Labrador (Newfoundland) & Prince Edward Is.,Newfoundland and Labrador (Newfoundland)
1228,Newfoundland and Labrador (Newfoundland) & Prince Edward Is.,Prince Edward Is.
1229,North Germany & Prussia,North Germany
1230,North Germany & Prussia,Prussia
1231,Norway & Sweden,Norway
1232,Norway & Sweden,Sweden
1233,Obock & Tadjoura,Obock
1234,Obock & Tadjoura,Tadjoura
1235,Oldenburg & Prussia,Oldenburg
1236,Oldenburg & Prussia,Prussia
1237,Oman (Sultanate of Muscat and Oman) & United Arab Emirates (Trucial Oman),Oman (Sultanate of Muscat and Oman)
1238,Oman (Sultanate of Muscat and Oman) & United Arab Emirates (Trucial Oman),United Arab Emirates (Trucial Oman)
1239,Oman (Sultanate of Muscat and Oman) & Zanzibar,Oman (Sultanate of Muscat and Oman)
1240,Oman (Sultanate of Muscat and Oman) & Zanzibar,Zanzibar
1241,Ontario (Upper Canada) & Quebec (Lower Canada),Ontario (Upper Canada)
1242,Ontario (Upper Canada) & Quebec (Lower Canada),Quebec (Lower Canada)
1243,Palestine & Syria,Palestine
1244,Palestine & Syria,Syria
1245,Panama & Panama Canal Zone,Panama
1246,Panama & Panama Canal Zone,Panama Canal Zone
1247,Papal States & Tuscany,Papal States
1248,Papal States & Tuscany,Tuscany
1249,Paraguay & Uruguay,Paraguay
1250,Paraguay & Uruguay,Uruguay
1251,Patras & Pylos,Patras
1252,Patras & Pylos,Pylos
1253,Pays de Gex & Savoy,Pays de Gex
1254,Pays de Gex & Savoy,Savoy
1255,Pemba Island & Zanzibar,Pemba Island
1256,Pemba Island & Zanzibar,Zanzibar
1257,People's Republic of China (China) & Philippines,People's Republic of China (China)
1258,People's Republic of China (China) & Philippines,Philippines
1259,People's Republic of China (China) & Philippines & Thailand (Siam),People's Republic of China (China)
1260,People's Republic of China (China) & Philippines & Thailand (Siam),Philippines
1261,People's Republic of China (China) & Philippines & Thailand (Siam),Thailand (Siam)
1262,Philippines & Sulu Sultanate,Philippines
1263,Philippines & Sulu Sultanate,Sulu Sultanate
1264,Phuket Province & Thailand (Siam),Phuket Province
1265,Phuket Province & Thailand (Siam),Thailand (Siam)
1266,Piedmont & Sardinia,Piedmont
1267,Piedmont & Sardinia,Sardinia
1268,Piedmont & Tuscany,Piedmont
1269,Piedmont & Tuscany,Tuscany
1270,Poland & Russia (USSR),Poland
1271,Poland & Russia (USSR),Russia (USSR)
1272,Portugal & Portuguese Colonies,Portugal
1273,Portugal & Portuguese Colonies,Portuguese Colonies
1274,Portugal & Portuguese East Africa,Portugal
1275,Portugal & Portuguese East Africa,Portuguese East Africa
1276,Portugal & Spain,Portugal
1277,Portugal & Spain,Spain
1278,Portuguese Africa & Portuguese Asia,Portuguese Africa
1279,Portuguese Africa & Portuguese Asia,Portuguese Asia
1280,"Portuguese Africa & Portuguese India (incl. Goa, Diu, Daman)",Portuguese Africa
1281,"Portuguese Africa & Portuguese India (incl. Goa, Diu, Daman)","Portuguese India (incl. Goa, Diu, Daman)"
1282,Portuguese Asia & Portuguese Oceania,Portuguese Asia
1283,Portuguese Asia & Portuguese Oceania,Portuguese Oceania
1284,Prince Edward Is. & St. Thomas,Prince Edward Is.
1285,Prince Edward Is. & St. Thomas,St. Thomas
1286,Puerto Rico & Spanish West Indies (other),Puerto Rico
1287,Puerto Rico & Spanish West Indies (other),Spanish West Indies (other)
1288,Puerto Rico & St. Thomas,Puerto Rico
1289,Puerto Rico & St. Thomas,St. Thomas
1290,Puerto Rico & Virgin Islands (Danish West Indies),Puerto Rico
1291,Puerto Rico & Virgin Islands (Danish West Indies),Virgin Islands (Danish West Indies)
1292,Republic of St. Mark & Trieste,Republic of St. Mark
1293,Republic of St. Mark & Trieste,Trieste
1294,Russia (Baltic Sea) & Russia (White Sea),Russia (Baltic Sea)
1295,Russia (Baltic Sea) & Russia (White Sea),Russia (White Sea)
1296,Russia (USSR) & Russian Colonies,Russia (USSR)
1297,Russia (USSR) & Russian Colonies,Russian Colonies
1298,Saudi Arabia (Emirate of Nejd) & Yemen Arab Republic (North Yemen) (Kingdom of Yemen),Saudi Arabia (Emirate of Nejd)
1299,Saudi Arabia (Emirate of Nejd) & Yemen Arab Republic (North Yemen) (Kingdom of Yemen),Yemen Arab Republic (North Yemen) (Kingdom of Yemen)
1300,Saxe Altenburg & Saxe Coburg and Gotha & Saxe Meiningen & Saxe Weimar,Saxe Altenburg
1301,Saxe Altenburg & Saxe Coburg and Gotha & Saxe Meiningen & Saxe Weimar,Saxe Coburg and Gotha
1302,Saxe Altenburg & Saxe Coburg and Gotha & Saxe Meiningen & Saxe Weimar,Saxe Meiningen
1303,Saxe Altenburg & Saxe Coburg and Gotha & Saxe Meiningen & Saxe Weimar,Saxe Weimar
1304,Singapore & Straits Settlements,Singapore
1305,Singapore & Straits Settlements,Straits Settlements
1306,South Africa & South West Africa,South Africa
1307,South Africa & South West Africa,South West Africa
1308,South Africa & Zimbabwe (Rhodesia) (Southern Rhodesia),South Africa
1309,South Africa & Zimbabwe (Rhodesia) (Southern Rhodesia),Zimbabwe (Rhodesia) (Southern Rhodesia)
1310,Spain & Spanish Colonies,Spain
1311,Spain & Spanish Colonies,Spanish Colonies
1312,Spain & Spanish West Indies,Spain
1313,Spain & Spanish West Indies,Spanish West Indies
1314,Sri Lanka (Ceylon) & Sri Lanka (Ceylon) Dependencies,Sri Lanka (Ceylon)
1315,Sri Lanka (Ceylon) & Sri Lanka (Ceylon) Dependencies,Sri Lanka (Ceylon) Dependencies
1316,St. Croix & St. John & St. Thomas,St. Croix
1317,St. Croix & St. John & St. Thomas,St. John
1318,St. Croix & St. John & St. Thomas,St. Thomas
1319,St. Croix & St. Thomas,St. Croix
1320,St. Croix & St. Thomas,St. Thomas
1321,Straits Settlements & Straits Settlements Dependencies,Straits Settlements
1322,Straits Settlements & Straits Settlements Dependencies,Straits Settlements Dependencies
1323,Sweden & Swedish Colonies,Sweden
1324,Sweden & Swedish Colonies,Swedish Colonies
1325,Syria & Turkey (Ottoman Empire),Syria
1326,Syria & Turkey (Ottoman Empire),Turkey (Ottoman Empire)
1327,Tortola & Virgin Gorda,Tortola
1328,Tortola & Virgin Gorda,Virgin Gorda
1329,Tripolitania & Tunisia (Tunis),Tripolitania
1330,Tripolitania & Tunisia (Tunis),Tunisia (Tunis)
1331,Turkey (Ottoman Empire) & Western Anatolia,Turkey (Ottoman Empire)
1332,Turkey (Ottoman Empire) & Western Anatolia,Western Anatolia
1333,Zambia (Northern Rhodesia) & Zimbabwe (Rhodesia) (Southern Rhodesia),Zambia (Northern Rhodesia)
1334,Zambia (Northern Rhodesia) & Zimbabwe (Rhodesia) (Southern Rhodesia),Zimbabwe (Rhodesia) (Southern Rhodesia)
