original_name,RICname and original,RICname,Note
 togo et cameroun,togo et cameroun,Kamerun & Togo (French Togoland),
A la Orden,A la Orden,***NA,
Abessinië,Abessinië,Ethiopia (Abyssinia),
Aden e Stabilimenti dello Stretto,Aden e Stabilimenti dello Stretto,Aden & Straits Settlements,
"Aden, Perim, etc.","Aden, Perim, etc.",Aden & Perim I.,
"Aden, enz.","Aden, enz.",Aden & other,
Africa - Possessoes Belgas,Africa - Possessoes Belgas,Belgian Africa,
Africa - Possessoes Britannicas,Africa - Possessoes Britannicas,British Africa,
Africa - Possessoes Francezas,Africa - Possessoes Francezas,French Africa,
Africa - Possessoes Hespanholas,Africa - Possessoes Hespanholas,Spanish Africa,
Africa - Possessoes Italianas,Africa - Possessoes Italianas,Italian Africa,
Africa - Possessoes Portuguezas,Africa - Possessoes Portuguezas,Portuguese Africa,
Africa Austral,Africa Austral,Southern Africa,
Africa Eq. Occ. Britannica,Africa Eq. Occ. Britannica,British Equatorial West Africa,
Africa Eq. Occ. Francese,Africa Eq. Occ. Francese,French Equatorial West Africa,
Africa Eq. Occ. Portoghese,Africa Eq. Occ. Portoghese,Portuguese Equatorial West Africa,
Africa Eq. Occ. Spagnola,Africa Eq. Occ. Spagnola,Spanish Equatorial West Africa,
Africa Eq. Or. Britannica,Africa Eq. Or. Britannica,British Equatorial East Africa,
Africa Merid. Britannica,Africa Merid. Britannica,British South Africa,
Africa Merid. Francese,Africa Merid. Francese,French South Africa,
Africa Merid. Portoghese,Africa Merid. Portoghese,Portuguese South Africa,
Africa diversas origens,Africa diversas origens,Africa (other),
Africa portughese,Portuguese Africa,Portuguese Africa,
Africa spagnola,Spanish Africa,Spanish Africa,
Africa tedesca,Africa tedesca,German Africa,
Africa-Diversas Possessoes Britannicas,Africa-Diversas Possessoes Britannicas,British Africa,
Africa-Diversas Possessoes Francezas,Africa-Diversas Possessoes Francezas,French Africa,
Africa-Diversas Possessoes Hespanholas,Africa-Diversas Possessoes Hespanholas,Spanish Africa,
Africa-Diversas Possessoes Portuguezas,Africa-Diversas Possessoes Portuguezas,Portuguese Africa,
Afrika (Oostkust),Afrika (Oostkust),East Africa,
Afrika (Westkust),Afrika (Westkust),West Africa,
Afrique allemande,Afrique allemande,German Africa,
Afrique anglaise,Afrique anglaise,British Africa,
Afrique anglaise est,Afrique anglaise est,British East Africa,
Afrique anglaise ouest,Afrique anglaise ouest,British West Africa,
Afrique anglaise sud,Afrique anglaise sud,British South Africa,
Afrique espagnole,Spanish Africa,Spanish Africa,
Afrique française,Afrique française,French Africa,
Afrique portugaise,Portuguese Africa,Portuguese Africa,
Afrique équatoriale et Afrique occidentale françaises,Afrique équatoriale et Afrique occidentale françaises,French Equatorial Africa & French West Africa,
Albania,Albania,Albania,
Albanië,Albania,Albania,
Algeria and Tunis,Algeria & Tunisia,Algeria & Tunisia,
Algeria and Tunisia,Algeria & Tunisia,Algeria & Tunisia,
Algerië,Algerië,Algeria,
"Algiers, Tunis",Algiers & Tunis,Algeria & Tunisia,
"Algiers, Tunis, enz.",Algiers & Tunis,Algeria & Tunisia,
All countries,All countries,World,
Allemagne & Sarre,Allemagne & Sarre,Germany & Saar,
Allemagne et Pologne - par terre,Allemagne et Pologne - par terre,Germany & Poland,Ajouter note dans colonne transport_type
Allemanha,Allemanha,Germany,
Altre Antille,Altre Antille,Antilles (other),
Altre contrade (Africa),Altre contrade (Africa),Africa (other),
Altre contrade (America),Altre contrade (America),America (other),
Altre contrade (Asia),Altre contrade (Asia),Asia (other),
Altre contrade (Oceania),Altre contrade (Oceania),Oceania (other),
Altre contrade dell'America Merid.,Altre contrade dell'America Merid.,Southern America (other),
Altri Paesi Am. Nord,Altri Paesi Am. Nord,Northern America (other),
Altri Paesi Eq. Occ. Afr.,Altri Paesi Eq. Occ. Afr.,Equatorial West Africa (other),
Altri Paesi Eq. Or. Afr.,Altri Paesi Eq. Or. Afr.,Equatorial East Africa (other),
Altri Paesi Occ. D'Asia,Altri Paesi Occ. D'Asia,West Asia (other),
Altri Paesi cont. Am. C.,Altri Paesi cont. Am. C.,Central America (Continental) (other),
Altri Paesi d'Europa,Altri Paesi d'Europa,Europe (other),
Altri Paesi non Occ. D'Asia,Altri Paesi non Occ. D'Asia,East Asia (other),
Altri Possedimenti Inglesi in Asia,Altri Possedimenti Inglesi in Asia,British Asia (other),
Altri Stati dell'America Centrale,Altri Stati dell'America Centrale,Central America (other),
Altri paesi Am. Sud,Altri paesi Am. Sud,Southern America (other),
Altri paesi d'Oceania,Altri paesi d'Oceania,Oceania (other),
Altri paesi insul. Am. C.,Altri paesi insul. Am. C.,Central America (Insular) (other),
America - Possessoes Americanas,America - Possessoes Americanas,American America,
America - Possessoes Britannicas,America - Possessoes Britannicas,British America,
America - Possessoes Francezas,America - Possessoes Francezas,French America,
America centrale,America centrale,Central America,
"America, Stati Uniti e Canada","America, Stati Uniti e Canada",Canada & United States of America,
America-Diversas Possessoes Britannicas,America-Diversas Possessoes Britannicas,British America,
American Samoa,American Samoa,American Samoa,
American Virgin Islands,American Virgin Islands,Virgin Islands (Danish West Indies),
American West Indies,American West Indies,Puerto Rico & Virgin Islands (Danish West Indies),
"Amiranten, Mauritius en Seychellen","Amiranten, Mauritius en Seychellen",Mauritius & Seychelles,
Angleterre (non compris ses possessions dans la Méditerranée),Angleterre (non compris ses possessions dans la Méditerranée),United Kingdom,
Angleterre en vertu de licences,Angleterre en vertu de licences,,
Angleterre et ses colonies,Angleterre et ses colonies,United Kingdom & British Colonies,
Angleterre et ses colonies de l'Inde,Angleterre et ses colonies de l'Inde,United Kingdom & India,
Angleterre par bâtiments licenciés ou autre autorisation spéciale,Angleterre par bâtiments licenciés ou autre autorisation spéciale,,
"Angleterre, Ecosse et Irlande","Angleterre, Ecosse et Irlande",United Kingdom,
"Angola, enz.","Angola, enz.",Angola,
Angola; Port. Kongo,Angola; Port. Kongo,Angola & Kabinda (Portuguese Congo),
Antarctic regions,Antarctic regions,Antarctic,
Antarctica,Antarctica,Antarctic,
Antilhas Hollandesas,Antillas Holandesas,Netherlands Antilles,
Antillas,Antillas,Antilles,
Antillas Holandesas,Antillas Holandesas,Netherlands Antilles,
Antillas británicas,Antillas británicas,British Antilles,
Antillas francesas,Antillas francesas,French Antilles,
Antillas holandesas,Antillas Holandesas,Netherlands Antilles,
Antillas inglesas,Antillas inglesas,British Antilles,
Antille Francesi,Antille Francesi,French Antilles,
Antille britanniche,Antille britanniche,British Antilles,
Antillen,Antillen,Antilles,
Antilles allemandes,Antilles allemandes,German Antilles,
Antilles allemandes occidentales,Antilles allemandes occidentales,German Antilles,
Antilles anglaises occidentales,Antilles anglaises occidentales,British Antilles (West),
Antilles des Etats-Unis d'Amérique,Antilles des Etats-Unis d'Amérique,Virgin Islands (Danish West Indies),
Antilles espagnoles occidentales,Antilles espagnoles occidentales,Spanish Antilles (West),
Antilles françaises occidentales,Antilles françaises occidentales,French Antilles (West),
Antilles orientales,Antilles orientales,Antilles (East),
Antilles étrangères occidentales,Antilles étrangères occidentales,Antilles (West),
Arabia and Aden,Arabia and Aden,Aden & Arabia,
Arabië,Arabië,Arabia,
Arabië en Azië,Arabië en Azië,Arabia (Asia),
"Arabië, enz.","Arabië, enz.",Arabia,
Arctic Region,Arctic,Arctic,
Arctic regions,Arctic,Arctic,
Argentine Republic and Atlantic Coast of Patagonia,Argentine Republic and Atlantic Coast of Patagonia,Argentina & Patagonia (Atlantic Coast),
Argentinië,Argentinië,Argentina,
Armenia,Armenia,Armenia,
Armenia and Kurdistan,Armenia and Kurdistan,Armenia & Kurdistan,
Ashmore Island,Ashmore Island,Ashmore & Cartier Is,
Asia - Possessoes Britannicas,Asia - Possessoes Britannicas,British Asia,
Asia - Possessoes Francezas,Asia - Possessoes Francezas,French Asia,
Asia - Possessoes Portuguezas,Asia - Possessoes Portuguezas,Portuguese Asia,
Asia-Diversas Possessoes Britannicas,Asia-Diversas Possessoes Britannicas,British Asia,
Asian Russia,Asian Russia,Asian Russia,
Asian Turkey,Asian Turkey,Asian Turkey,
Australasie anglaise,Australasie anglaise,Australia,
Australia and Tasmania and New Zealand,Australia and Tasmania and New Zealand,Australia & New Zealand & Tasmania,
Australian Commonwealth,Australian Commonwealth,Australia,
Australie et Tasmanie,Australie et Tasmanie,Australia & Tasmania,
Australië,Australië,Australia,
Australië (gemeenebest),Australië (gemeenebest),Australia,
Australië en Polynesië,Australië en Polynesië,Australia & Polynesia,
Austria-Hungria,Austria-Hungary,Austria-Hungary,
Austria-Hungría,Austria-Hungary,Austria-Hungary,
Austria-Ungheria,Austria-Hungary,Austria-Hungary,
"Autres pays d'Afrique, equatoriaux occidentaux","Autres pays d'Afrique, equatoriaux occidentaux",Equatorial West Africa (other),
"Autres pays d'Afrique, equatoriaux orientaux","Autres pays d'Afrique, equatoriaux orientaux",Equatorial East Africa (other),
"Autres pays d'Afrique, méridionaux","Autres pays d'Afrique, méridionaux",Southern Africa (other),
"Autres pays d'Afrique, septentrionaux (Tanger)","Autres pays d'Afrique, septentrionaux (Tanger)",Tangier,
"Autres pays d'Asie, autres","Autres pays d'Asie, autres",Asia (other),
"Autres pays d'Asie, occidentaux","Autres pays d'Asie, occidentaux",Asia (West),
Autres pays d'Océanie,Oceania (other),Oceania (other),
"Autres pays de l'Amérique Centrale, continentaux","Autres pays de l'Amérique Centrale, continentaux",Central America (Continental) (other),
"Autres pays de l'Amérique Centrale, insulaires","Autres pays de l'Amérique Centrale, insulaires",Central America (Insular) (other),
Autres pays de l'Amérique du Nord,Autres pays de l'Amérique du Nord,Northern America (other),
Autres pays de l'Amérique du Sud,Autres pays de l'Amérique du Sud,Southern America (other),
Autres pays de l'Océanie,Oceania (other),Oceania (other),
Autres pays étrangers,Autres pays étrangers,World (other),
Autres possessions britanniques,Autres possessions britanniques,British Colonies (other),
Autres possessions espagnoles,Autres possessions espagnoles,Spanish Colonies (other),
Autres possessions françaises,Autres possessions françaises,French Colonies (other),
Autres établissements de la côte occidentale d'Afrique,Autres établissements de la côte occidentale d'Afrique,Africa Coast (West) (other),
Autres établissements français en Océanie,Autres établissements français en Océanie,French Oceania (other),
Aziatisch Rusland,Aziatisch Rusland,Asian Russia,
Aziatisch Turkije,Aziatisch Turkije,Asian Turkey,
Azoren en eilanden aan de Westkust van Afrika,Azoren en eilanden aan de Westkust van Afrika,Azores (Western Isles) & Africa Coast (West),
Azores and Madeira,Azores and Madeira,Azores (Western Isles) & Madeira Isles,
Bahrein Island,Bahrein Island,Bahrain,
Balkan-Schiereiland,Balkan-Schiereiland,Balkans,
Barbarysche Staten,Barbarysche Staten,Barbary Coast,
Bassin de la Sarre,Bassin de la Sarre,Saar,
Bechuanaland Protectorate and Basutoland and Swaziland,Bechuanaland Protectorate and Basutoland and Swaziland,Botswana (Bechuanaland) & Lesotho (Basutoland) & Swaziland,
Belgian Congo (including Ruanda and Urundi),Belgian Congo and Ruanda-Urundi,Rwanda-Urundi & Zaire (Kinshasa) (Belgian Congo),
Belgian Congo and Ruanda Urundi,Belgian Congo and Ruanda-Urundi,Rwanda-Urundi & Zaire (Kinshasa) (Belgian Congo),
Belgian Congo and Ruanda-Urundi,Belgian Congo and Ruanda-Urundi,Rwanda-Urundi & Zaire (Kinshasa) (Belgian Congo),
Belgio,Belgium,Belgium,
Belgio-Lussemburgo,Belgio-Lussemburgo,Belgium & Luxemburg,
Belgisch-Kongo,Belgisch-Kongo,Zaire (Kinshasa) (Belgian Congo),
België,Belgium,Belgium,
België en Luxemburg,Belgium & Luxemburg,Belgium & Luxemburg,
Belgo-Luxemburg Economic Federation,Belgo-Luxemburg Economic Federation,Belgium & Luxemburg,
Benadir,Benadir,Benadir,
Bhutan and Nepal,Bhutan and Nepal,Bhutan & Nepal,
Billiton Island,Billiton Island,Billiton Is.,
Birma,Birma,Burma (Myanmar),
Br. bez. In Azië,Br. bez. In Azië,British Asia,
"Br., Fr. en Am. Eil. In Amerika","Br., Fr. en Am. Eil. In Amerika",American America Is. & British America Is. & French America Is.,
"Br., Fr. en Am. Eil. In Middle-Amerika","Br., Fr. en Am. Eil. In Middle-Amerika",American America Is. & British America Is. & French America Is.,
Brasile,Brazil,Brazil,
Brazilië,Brazil,Brazil,
British Borneo,British Borneo,Brunei & Labuan I. & Sabah (North Borneo) & Sarawak,
British Central Africa,British Central Africa,British Central Africa,
British Central America,British Central America,British Central America,
British East Africa and Zanzibar and Pemba,British East Africa and Zanzibar and Pemba,British East Africa & Pemba Island & Zanzibar,
British Guiana and Falkland Islands,British Guiana and Falkland Islands,Guyana (Br. Guiana) & Falkland Is.,
British North America Provinces,British North America Provinces,British North America,
"British Pacific Islands, Protectorates, and Mandated Territories","British Pacific Islands, Protectorates, and Mandated Territories",British Oceania,
British Sudan,British Sudan,Sudan (Anglo-Egyptian),
British Wale Fisheries,British Wale Fisheries,***NA,
British West India Islands and Bahamas,British West India Islands and Bahamas,Bahamas & British West Indies,
British and Dutch Borneo,British and Dutch Borneo,Banjermassin (Dutch Borneo) & Brunei & Labuan I. & Sabah (North Borneo) & Sarawak,
British and French Somaliland,British and French Somaliland,British Somaliland (Somaliland Republic) & Djibouti (Afar and Issas) (French Somaliland),
British leased territory,British leased territory,British China Leased Territory,
Britsch Oost-Afrika,British East Africa,British East Africa,
Britsch West-Afrika,British West Africa,British West Africa,
Britsch-Honduras,Britsch-Honduras,Belize (British Honduras),
Britsch-Indië,Britsch-Indië,India,
"Britsch-Indië, enz.","Britsch-Indië, enz.",India,
"Britsch-Malakka, enz.","Britsch-Malakka, enz.",Malacca,
Britsche bezitt. In Amerika,Britsche bezitt. In Amerika,British America,
Britsche bezitt. Midd. Zee,Britsche bezitt. Midd. Zee,British Mediterranean,
Britsche bezittingen Oost-Afrika,Britsche bezittingen Oost-Afrika,British East Africa,
Britsche bezittingen in Amerika,Britsche bezittingen in Amerika,British America,
Britsche bezittingen in Azië,Britsche bezittingen in Azië,British Asia,
Britsche bezittingen in Middellandsche Zee,Britsche bezittingen in Middellandsche Zee,British Mediterranean,
Bruxelles,Bruxelles,Bruxelles,
Bulgarije,Bulgarije,Bulgaria,
Bélgica,Bélgica,Belgium,
Bélgica y Luxemburgo,Bélgica y Luxemburgo,Belgium & Luxemburg,
Béljica,Belgium,Belgium,
Cabo Verde,Cabo Verde,Cape Verde,
Cameroun (mandat français),Cameroun (mandat français),Cameroun (French Cameroons),
Canada and Central America and South America and United States,Canada and Central America and South America and United States,Canada & Central America & South America & United States of America,
Canada-Atlantic coast,Canada-Atlantic coast,Canada (Atlantic coast),
Canada-Pacific coast,Canada-Pacific coast,Canada (Pacific coast),
Canadà,Canadá,Canada,
Canadá,Canadá,Canada,
Canarias (Islas),Canarias (Islas),Canary Is.,
Caroline Islands,Caroline Islands,Canary Is.,
Cayenne et Guyanne,Cayenne et Guyanne,Cayenne Is. & French Guyana,
Caymans,Caymans,Cayman Is.,
Ceco-Slovacchia,Ceco-Slovacchia,Czechoslovakia,
Centraal Amerika,Centraal Amerika,Central America,
Central Africa,Central Africa,Central Africa,
Central America US territories,Central America US territories,American Central America,
Central Asia,Central Asia,Central Asia,
Centro Améric,Centro Améric,Central America,
Cerdeña,Cerdeña,Kingdom of Sardinia,
Ceylao,Ceylao,Sri Lanka (Ceylon),
Ceylán,Ceylán,Sri Lanka (Ceylon),
Checoeslovaquia,Czechoslovakia,Czechoslovakia,
Chile and Pacific Coast of Patagonia,Chile and Pacific Coast of Patagonia,Chile & Patagonia (Pacific Coast),
China (Treaty Ports),China (Treaty Ports),Chinese Treaty Ports,
"China (exclusive of Hong Kong, Macao and leased territories)","China (exclusive of Hong Kong, Macao and leased territories)",China (People's Republic of China),
China e Giappone,China e Giappone,China (People's Republic of China) & Japan,
"China, enz.","China, enz.",China (People's Republic of China),
Chine anglaise,Chine anglaise,British China,
Chios,Chios,Chios,
Chipre,Chipre,Cyprus,
Chosen,Chosen,Korea (Chosen),
Christmas Island (Indian Ocean),Christmas Island (Indian Ocean),Christmas I.,
Cina,Cina,China (People's Republic of China),
Cina e Hong-Kong,Cina e Hong-Kong,China (People's Republic of China) & Hong Kong,
Cipro,Cipro,Cyprus,
Cochin China and Annam,Cochin China and Annam,Cochin China & Tonkin,
"Cochin China, Tonkin, and Annam","Cochin China, Tonkin, and Annam",Cochin China & Annam & Tonkin,
Cocos Island,Cocos Island,Cocos (Keeling) Is.,
Col. Brit. Insul. Am. C.,Col. Brit. Insul. Am. C.,British Central America,
Colonia del Cabo,Cape Colony,Cape Colony,
Colonia del Capo,Cape Colony,Cape Colony,
Colonia do Cabo,Colonia do Cabo,Cape Colony,
Colonie britanniche non nominate (Africa),Colonie britanniche non nominate (Africa),British Africa (other),
Colonie e Possedimenti Italiani,Colonie e Possedimenti Italiani,Italian Colonies,
Colonie francesi,Colonie francesi,French Colonies,
Colonie francesi (Asia),Colonie francesi (Asia),French Asia,
Colonie francesi non nominate (Africa),Colonie francesi non nominate (Africa),French Africa,
Colonies d'Amérique et de l'Inde,Colonies d'Amérique et de l'Inde,French America & French India,
Colonies françaises (sauf Algérie),Colonies françaises (sauf Algérie),French Colonies (other),
Colonies françaises des deux Indes,Colonies françaises des deux Indes,French India & French West Indies,
"Colonies françaises en Amérique, Asie et Afrique","Colonies françaises en Amérique, Asie et Afrique",French Africa & French America & French Asia,
Colonies françaises-hollandaises,Colonies françaises-hollandaises,French Colonies & Dutch Colonies,
Colonies hollandaises,Colonies hollandaises,Dutch Colonies,
"Columbia, Ecuador en Venezuela","Columbia, Ecuador en Venezuela",Colombia (Gran Colombia) & Ecuador & Venezuela,
Congo Belga,Congo Belga,Zaire (Kinshasa) (Belgian Congo),
Congo Francea,Congo Francea,Congo (Brazzaville) (French Congo) (Middle Congo),
Congo State,Congo State,Zaire (Kinshasa) (Belgian Congo),
Congo belga,Congo Belga,Zaire (Kinshasa) (Belgian Congo),
Cook Islands,Cook Islands,Cook Is.,
Corps expéditionnaire d'Orient (Grèce),Corps expéditionnaire d'Orient (Grèce),Corps Expeditionnaire d'Orient (Gallipoli and Dardanelles),
Corsica,Corsica,Corsica,
Costa de Oro,Ghana (Gold Coast),Ghana (Gold Coast),
Costa de Ouro,Ghana (Gold Coast),Ghana (Gold Coast),
Costarica,Costarica,Costa Rica,
Creta,Creta,Crete,
Cuba & Porto-Rico,Cuba & Puerto Rico,Cuba & Puerto Rico,
Cuba e Portorico,Cuba & Puerto Rico,Cuba & Puerto Rico,
Cuban West Indies,Cuban West Indies,Cuba,
Curazao,Curazao,Curacao,
Curaçao Island,Curaçao Island,Curacao,
"Curaçao, enz.","Curaçao, enz.",Curacao,
Côte des Somalis française,Côte française des Somalis,Djibouti (Afar and Issas) (French Somaliland),
Côte française des Somalis,Côte française des Somalis,Djibouti (Afar and Issas) (French Somaliland),
Côte occidentale d'Afrique possessions britanniques,Côte occidentale d'Afrique possessions britanniques,British West Africa,
Côte orientale d'Afrique possessions britanniques,Côte orientale d'Afrique possessions britanniques,British East Africa,
Dahomey,Dahomey,Benin (Dahomey),
Danemarck et Norwège,Danemarck et Norwège,Denmark & Norway,
Danimarca,Denmark,Denmark,
De la pesca,De la pesca,***NA,
De naufragios,De naufragios,***NA,
Deep Sea Fisheries,Deep Sea Fisheries,***NA,
Demas posesiones inglesas en Europa,Demas posesiones inglesas en Europa,British Europe (other),
Demerara,Demerara,Demerara,
"Demás países y ""a órdenes"",""None","Demás países y ""a órdenes"",""None",World (other),
Denemarken,Denemarken,Denmark,
Denemarken en Ijsland,Denemarken en Ijsland,Denmark & Iceland,
Denmark (including Faroë Islands),Denmark (including Faroë Islands),Denmark & Faeroe Is.,
Dodecaneso,Dodecanese Is. (Aegean Is.),Dodecanese Is. (Aegean Is.),
Dodécanèse,Dodecanese Is. (Aegean Is.),Dodecanese Is. (Aegean Is.),
Dominicaansche republiek,Dominicaansche republiek,Dominican Republic (Santo Domingo),
Dominican Republic,Dominican Republic,Dominican Republic (Santo Domingo),
Duitsch Oost-Afrika,Duitsch Oost-Afrika,Dutch East Africa,
Duitsch Zuid-West-Afrika,Duitsch Zuid-West-Afrika,Dutch South West Africa,
Duitschland,Duitschland,Germany,
Dutch Indies,Dutch Indies,Indonesia (Dutch East Indies) & Netherlands Antilles,
Dutch New Guinea and Other Dutch Possessions in the Indian Seas,Dutch New Guinea and Other Dutch Possessions in the Indian Seas,West Irian (Dutch New Guinea) & Dutch Oceania (other),
Dutch West Indies (Curacao),Dutch West Indies (Curacao),Curacao,
Dínamarca,Denmark,Denmark,
Egitto,Egitto,Egypt/United Arab Republic,
Egypt and Anglo-Egyptian Sudan,Egypt and Anglo-Egyptian Sudan,Egypt/United Arab Republic & Sudan (Anglo-Egyptian),
"Egypte, enz.","Egypte, enz.",Egypt/United Arab Republic,
Egypto,Egypt,Egypt/United Arab Republic,
Egípto,Egypt,Egypt/United Arab Republic,
Ellice Islands,Ellice Islands,Ellice Is.,
Empire Ottoman et Barbarie,Empire Ottoman et Barbarie,Turkey & Barbary Coast,
Empire d'Autriche,Empire d'Autriche,Austria-Hungary,
Empire de Russie,Empire de Russie,Russia/USSR,
Empire de Sardaigne,Empire de Sardaigne,Kingdom of Sardinia,
Empire du Portugal,Empire du Portugal,,
Engelsch-Amerika,Engelsch-Amerika,British America,
Engelsch-Egyptische Soedan,Engelsch-Egyptische Soedan,Sudan (Anglo-Egyptian),
Engelsch-Indië,Engelsch-Indië,India,
Entrepôt et port franc de Livourne,Entrepôt et port franc de Livourne,Livorno,
Epaves et échouements,Epaves et échouements,***NA,
Equatore,Equatore,Ecuador,
Erithrea en It. Somaliland,Erithrea en It. Somaliland,Eritrea & Italian Somaliland,
Erythrea en Fransch Somaliland,Erythrea en Fransch Somaliland,Eritrea & Djibouti (Afar and Issas) (French Somaliland),
"Erythrea, Somaliland","Erythrea, Somaliland",Eritrea & Italian Somaliland,
Escocia,Escocia,Scotland,
Espagne - par mer,Espagne - par mer,Spain,Ajouter note dans colonne transport_type
Espagne - par terre,Espagne - par terre,Spain,Ajouter note dans colonne transport_type
España,España,Spain,
España y sus colonias,España y sus colonias,Spain & Spanish Colonies,
Estabelecimentos do Estreito,Estabelecimentos do Estreito,Straits Settlements,
Estado Oriental,Estado Oriental,Uruguay,
Estados-Unidos,Estados-Unidos,United States of America,
Esthonia,Estonia,Estonia,
Esthonie,Estonia,Estonia,
Estland,Estland,Estonia,
Etablissements anglais du Détroit,Etablissements anglais du Détroit,Straits Settlements,
Etablissements français de la côte des Somalis,Etablissements français de la côte des Somalis,Djibouti (Afar and Issas) (French Somaliland),
Etablissements français de la côte occidentale d'Afrique,Etablissements français de la côte occidentale d'Afrique,French West Africa,
"Etablissements français en Océanie, autres","Etablissements français en Océanie, autres",French Oceania (other),
Etat de Naples,Etat de Naples,Naples,
Etat libre du Kongo,Etat libre du Kongo,Zaire (Kinshasa) (Belgian Congo),
Etats de Rome,Etats de Rome,Papal States,
Etats de l'Allemagne,Etats de l'Allemagne,Germany,
Etats de l'Amérique centrale,Etats de l'Amérique centrale,Central America,
"Etats de l'Empereur, en Flandre et Allemagne - par mer","Etats de l'Empereur, en Flandre et Allemagne - par mer",,Ajouter note dans colonne transport_type
"Etats de l'Empereur, en Flandre et Allemagne - par terre","Etats de l'Empereur, en Flandre et Allemagne - par terre",,Ajouter note dans colonne transport_type
Etats de l'Inde,Etats de l'Inde,India,
Etats du Roi de Sardaigne - par mer,Etats du Roi de Sardaigne - par mer,Kingdom of Sardinia,Ajouter note dans colonne transport_type
Etats du Roi de Sardaigne - par terre,Etats du Roi de Sardaigne - par terre,Kingdom of Sardinia,Ajouter note dans colonne transport_type
Etats inconnus,Etats inconnus,World (other),
Etats-Unis (côte Atlantique),Etats-Unis (côte Atlantique),United States of America (Atlantic Coast),
Etats-Unis de Colombie,Etats-Unis de Colombie,Colombia (Gran Colombia),
Ethiopië (Abessinië),Ethiopië (Abessinië),Ethiopia (Abyssinia),
"Ethiopië, enz.","Ethiopië, enz.",Ethiopia (Abyssinia),
Etiopia,Etiopia,Ethiopia (Abyssinia),
Europa - Possessoes Britannicas,Europa - Possessoes Britannicas,British Europe,
Europe (Russia excepted),Europe (Russia excepted),Europe (other),
European Turkey,European Turkey,European Turkey,
European Turkey and Crete,European Turkey and Crete,European Turkey & Crete,
Europeesch Rusland,Europeesch Rusland,European Russia,
Europeesch Turkije,Europeesch Turkije,European Turkey,
Europeesch Turkije (met Kreta),Europeesch Turkije (met Kreta),European Turkey & Crete,
Falkland Islands and Dependencies,Falkland Islands and Dependencies,Falkland Is. & Falkland Is. Dependencies,
Fanning Island,Fanning Island,Fanning I.,
Far Eastern Republic,Far Eastern Republic,Far Eastern Republic,
Fed. Centraal-Amerika,Fed. Centraal-Amerika,Central American Republic,
Federazione australiana,Federazione australiana,Australia,
Fench Guiana,Fench Guiana,French Guyana,
Fernando Poo,Fernando Poo,Fernando Po (Bioko),
Fertilizantes y yodo,Fertilizantes y yodo,***NA,
Filippine,Filippine,Philippines,
Fiume (ville libre),Fiume (ville libre),Fiume,
Foreign whale fisheries,Foreign whale fisheries,***NA,
"Foreign whale fisheries, northern","Foreign whale fisheries, northern",***NA,
"Foreign whale fisheries, southern","Foreign whale fisheries, southern",***NA,
Fr. bez. V. en A- Indië ; Port. Bez. In Azië,Fr. bez. V. en A- Indië ; Port. Bez. In Azië,French Asia & French India & Portuguese Asia,
Fr.- en Br.- Somaliland ; Sokotra,Fr.- en Br.- Somaliland ; Sokotra,British Somaliland (Somaliland Republic) & Djibouti (Afar and Issas) (French Somaliland) & Socotra I.,
Frankrijk,Frankrijk,France,
Fransch Equatoriaal-Afrika,Fransch Equatoriaal-Afrika,French Equatorial Africa,
Fransch Kongo,Fransch Kongo,Congo (Brazzaville) (French Congo) (Middle Congo),
Fransch Oost-Afrika,Fransch Oost-Afrika,French East Africa,
Fransch Voor- en Achter-Indië,Fransch Voor- en Achter-Indië,French Asia & French India,
Fransch West-Afrika,Fransch West-Afrika,French West Africa,
"Fransch en Italiaansch Somaliland, enz.","Fransch en Italiaansch Somaliland, enz.",Djibouti (Afar and Issas) (French Somaliland) & Italian Somaliland,
Fransch-Kongo,Fransch Kongo,Congo (Brazzaville) (French Congo) (Middle Congo),
Fransch-Marokko en Tanger,Fransch-Marokko en Tanger,Morocco & Tangier,
Fransche bezitt. In Amerika,Fransche bezitt. In Amerika,French America,
Fransche bezitt. In Voor- en Achter-Indië,Fransche bezitt. In Voor- en Achter-Indië,French Asia & French India,
Fransche bezittingen in Amerika,Fransche bezittingen in Amerika,French America,
Franz Josef Land,Franz Josef Land,Franz Josef Land,
França,França,France,
French Central America,French Central America,French Central America,
French West Africa and French mandated territories of Togoland and Cameroons,French West Africa and French mandated territories of Togoland and Cameroons,French West Africa & Cameroun (French Cameroons) & Togo (French Togoland),
French West India and St. Pierre and Miquelon,French West India and St. Pierre and Miquelon,French West Indies & St. Pierre and Miquelon,
French West Indies (Guadeloupe and Martinique),French West Indies (Guadeloupe and Martinique),Guadeloupe & Martinique,
French West and Equatorial Africa,French West and Equatorial Africa,French Equatorial Africa & French West Africa,
French leased territory,French leased territory,French China Leased Territory,
French protectorate Morocco,French protectorate Morocco,Morocco,
Georgia,Georgia,Georgia,
German Samoa,German Samoa,Western Samoa,
German Solomon Islands,Solomon Islands,Solomon Islands,
German leased territory,German leased territory,German China Leased Territory,
Germania,Germania,Germany,
Giappone,Japan,Japan,
Gibilterra,Gibilterra,Gibraltar,
"Gibraltar, enz.","Gibraltar, enz.",Gibraltar,
Gilbert Islands,Gilbert Islands,Gilbert Is.,
Gilbert and Ellice Islands Colony,Gilbert and Ellice Islands Colony,Gilbert and Ellice Is.,
Gold Coast (including Togoland),Gold Coast (including Togoland),Gold Coast-Togoland (Neutral Zone),
Gold Coast and British Mandated Territory of Togoland,Gold Coast and British Mandated Territory of Togoland,Gold Coast-Togoland (Neutral Zone),
Gra-Bretanha,Gra-Bretanha,United Kingdom,
Gran Bretagna,United Kingdom,United Kingdom,
Gran Bretagna e Irlanda,Gran Bretagna e Irlanda,Ireland & United Kingdom,
Gran Bretaña,United Kingdom,United Kingdom,
Gran Bretaña y Irlanda,Gran Bretaña y Irlanda,Ireland & United Kingdom,
Gran total,Gran total,World,
Grand-Duché de Toscane,Grand-Duché de Toscane,Tuscany,
Grecia e Candia,Grecia e Candia,Crete & Greece,
Grecia e Malta,Grecia e Malta,Greece & Malta,
Greece and Crete,Greece and Crete,Crete & Greece,
Greece in Asia,Greece in Asia,Greek Asia,
Griekenland,Griekenland,Greece,
Groot-Britannië,Groot-Britannië,United Kingdom,
Groënland et Islande,Groënland et Islande,Greenland & Iceland,
Guadalupe,Guadalupe,Guadeloupe,
"Guam, Tuluita, etc.","Guam, Tuluita, etc.",Mariana Is.,
"Guatémala, Costa Rica, Honduras, Nicaragua","Guatémala, Costa Rica, Honduras, Nicaragua",Costa Rica & Guatemala & Honduras & Nicaragua,
"Guatémala, Costa Rica, Honduras, San Salvador et Nicaragua","Guatémala, Costa Rica, Honduras, San Salvador et Nicaragua",Costa Rica & El Salvador & Guatemala & Honduras & Nicaragua,
Guayana Francesa,French Guyana,French Guyana,
Guayana Holandesa,Surinam,Surinam,
Guayana Inglesa,Guyana (Br. Guiana),Guyana (Br. Guiana),
Guiné Portugueza,Guiné Portugueza,Guinea-Bissau (Portuguese Guinea),
Guyana (Engelsch),Guyana (Engelsch),Guyana (Br. Guiana),
Guyana (Fransch),Guyana (Fransch),French Guyana,
Guyana (Nederlandsch),Guyana (Nederlandsch),Surinam,
Guyana Inglesa,Guyana (Br. Guiana),Guyana (Br. Guiana),
Guyana holandesa,Surinam,Surinam,
Guyane danoise,Guyane danoise,Danish Guyana,
Guyanna Franceza,French Guyana,French Guyana,
Guyanna Hollandeza,Surinam,Surinam,
Guyanna Inglesa,Guyana (Br. Guiana),Guyana (Br. Guiana),
Haiti & République dominicaine,Haiti & République dominicaine,Dominican Republic (Santo Domingo) & Haiti,
Haiti e S. Domingo,Haiti e S. Domingo,Dominican Republic (Santo Domingo) & Haiti,
Haití,Haití,Haiti,
Hegiae e Neged,Hegiae e Neged,Saudi Arabia (Kingdom of Hejaz and Nedj),
"Hejar, Nejd and Dependencies, and Yemen","Hejar, Nejd and Dependencies, and Yemen",Saudi Arabia (Kingdom of Hejaz and Nedj) & Saudi Arabia (Kingdom of Hejaz and Nedj) Dependencies & Yemen,
"Hejaz, Arabia, and Mesopotamia","Hejaz, Arabia, and Mesopotamia",Arabia & Hejaz Sultanate & Iraq (Mesopotamia),
"Hejaz, Arabia, etc.","Hejaz, Arabia, etc.",Arabia & Hejaz Sultanate & Iraq (Mesopotamia),
Henjain Island,Henjain Island,Hengam Is.,
Hespanha,Hespanha,Spain,
Holandesas (Islas),Islas Holandesas,Dutch Islands,
Hollanda,Netherlands,Netherlands,
Honduras (C.I. de A.),Honduras (C.I. de A.),Belize (British Honduras),
Honduras (Republica),Honduras,Honduras,
Honduras Britannicas,Belize (British Honduras),Belize (British Honduras),
Honduras Inglesas,Belize (British Honduras),Belize (British Honduras),
Honduras anglais,Belize (British Honduras),Belize (British Honduras),
Honduras británicas,Belize (British Honduras),Belize (British Honduras),
Honduras en Panama,Honduras en Panama,Honduras & Panama,
"Honduras, Republiek",Honduras,Honduras,
Hongarije,Hungary,Hungary,
Hongkong and China (Treaty ports),Hongkong and China (Treaty ports),Chinese Treaty Ports & Hong Kong,
Hungria,Hungary,Hungary,
Hungría,Hungary,Hungary,
Iceland and Faroe Is.,Iceland and Faroe Is.,Faeroe Is. & Iceland,
Ierland,Ierland,Ireland,
Iersche Vrijstaat,Iersche Vrijstaat,Ireland,
Ijsland,Iceland,Iceland,
Ile des Canaries,Ile des Canaries,Canary Is.,
Ile des Navigateurs,Iles des Navigateurs,Samoa,
Ile du Prince Edward,Ile du Prince Edward,Prince Edward Is.,
Iles Açores et Madère,Iles Açores et Madère,Azores (Western Isles) & Madeira Isles,
Iles Falkland,Iles Falkland,Falkland Is.,
Iles Malte et Chypre,Iles Malte et Chypre,Cyprus & Malta,
Iles Samoa,Iles Samoa,Samoa,
Iles britanniques,Iles britanniques,Ireland & United Kingdom,
Iles des Navigateurs,Iles des Navigateurs,Samoa,
Iles du Cap Vert,Iles du Cap Vert,Cape Verde,
Indes orientales anglaises et autres,Indes orientales anglaises et autres,Danish India & French India & India,
Indes orientales danoises,Indes orientales danoises,Danish India,
Indes orientales françaises,Indes orientales françaises,French India,
Indes orientales hollandaises,Indonesia (Dutch East Indies),Indonesia (Dutch East Indies),
Indes orientales portugaises,Indes orientales portugaises,Portuguese Asia,
Indeterminado,Indeterminado,***NA,
India Britannica,India,India,
India Británica,India,India,
India Inglesa,India Inglesa,India,
India britannica,India,India,
India britannica e Altri possedimenti in Asia,India britannica e Altri possedimenti in Asia,India & British Asia (other),
India britannica e Ceylon,India britannica e Ceylon,India & Sri Lanka (Ceylon),
India inglesa,India Inglesa,India,
Indias británicas,Indias británicas,India,
Indias holandesas,Indias holandesas,Indonesia (Dutch East Indies),
Indias orientales holandesas,Indonesia (Dutch East Indies),Indonesia (Dutch East Indies),
Indie Olandesi,Indie Olandesi,Indonesia (Dutch East Indies),
Indie occidentali,Indie occidentali,Antilles,
Indie orientali olandesi,Indie orientali olandesi,Indonesia (Dutch East Indies),
Indochina,Indochina,French Indochina,
Indocina Francese,Indocina Francese,French Indochina,
Indéterminé,Indéterminé,***NA,
Iran (Perse),Iran (Perse),Iran (Persia),
Iran en Aghanistan,Iran en Aghanistan,Afghanistan & Iran (Persia),
Iraq (Mesopotamia),Iraq (Mesopotamia),Iraq (Mesopotamia),
"Irlanda, Estado libre","Irlanda, Estado libre",Ireland,
Irlande (Etat libre),Irlande (Etat libre),Ireland,
Isla de Puerto-Rico,Isla de Puerto-Rico,Puerto Rico,
Islanda,Iceland,Iceland,
Islandia,Iceland,Iceland,
Islands in the Indian Seas,Islands in the Indian Seas,Indian Ocean Islands,
Islands in the Indian Seas (British),Islands in the Indian Seas (British),Indian Ocean Islands (British),
Islands in the Indian Seas (Foreign),Islands in the Indian Seas (Foreign),Indian Ocean Islands (other),
Islas Baleares,Islas Baleares,Balearic Islands,
Islas Chafarinas,Islas Chafarinas,Chafarinas,
Islas Fidji,Islas Fidji,Fiji,
Islas Holandesas,Islas Holandesas,Dutch Islands,
Islas Samoa,Islas Samoa,Samoa,
"Isles de France, de la Réunion et Mozambique","Isles de France, de la Réunion et Mozambique",Mauritius & Mozambique & Reunion,
Isole ital. Dell'Egeo,Isole ital. Dell'Egeo,Dodecanese Is. (Aegean Is.),
Italian Aegean Islands,Italian Aegean Islands,Dodecanese Is. (Aegean Is.),
Italian East Africa (Somaliland and Eritrea),Italian East Africa (Somaliland and Eritrea),Eritrea & Italian Somaliland,
Italië,Italië,Italy,
Italië en Fiume,Italië en Fiume,Fiume & Italy,
Italy and Fiume,Italy and Fiume,Fiume & Italy,
Italy and Italian Aegean Islands,Italy and Italian Aegean Islands,Dodecanese Is. (Aegean Is.) & Italy,
Jamaica and Dependencies,Jamaica and Dependencies,Jamaica & Jamaica Dependencies,
Jamaica and Dependencies and Trinidad and Tobago and Other British West Indian Islands,Jamaica and Dependencies and Trinidad and Tobago and Other British West Indian Islands,British Antilles (other) & Jamaica & Jamaica Dependencies & Trinidad and Tobago ,
Japan (including Formosa and Japanese leased territories in China),Japan (including Formosa and Japanese leased territories in China),Japan & Japanese China Leased Territory & Republic of China (Taiwan) (Formosa),
Japan (including Formosa) and Kwantung,Japan (including Formosa) and Kwantung,Japan & Republic of China (Taiwan) (Formosa) & Kwangtung Territory (Leased),
Japan met Korea,Japan met Korea,Japan & Korea (Chosen),
Japanese Pacific Mandated Territories,Japanese Pacific Mandated Territories,Japanese Mandated Territories (Pacific),
Japanese leased territory,Japanese leased territory,Japanese China Leased Territory,
Japao,Japao,Japan,
Japón,Japan,Japan,
Java and Madura,Java and Madura,Java & Madura Island,
Java en Verdere Nederl. O-I bezittingen,Java en Verdere Nederl. O-I bezittingen,Dutch Asia (other) & Java,
Jersey,Jersey,Jersey,
Joego-Slavië,Joego-Slavië,Yugoslavia/Serbia,
Jugoslavia,Yugoslavia/Serbia,Yugoslavia/Serbia,
Kaap de Goede Hoop,Kaap de Goede Hoop,Cape Colony,
Kaiser Wilhelm Land,Kaiser Wilhelm Land,New Guinea (German New Guinea) (Kaiser Wilhelmsland),
Kameroen en Togo,Kameroen en Togo,Kamerun & Togo (French Togoland),
"Kamerun, etc","Kamerun, etc",Kamerun,
Keizerrijk Indië,Keizerrijk Indië,India,
Kenya Colony,Kenya Colony,Kenya (British East Africa Protectorate),
Kerguelen Island,Kerguelen Island,Kerguelen Is.,
Kwangchowwan Leased territory,Kwangchowwan Leased territory,Kwanchowan,
Kwantung Leased Territory,Kwantung Leased Territory,Kwantung Leased Territory (Leased),
Kwantung Peninsula,Kwantung Peninsula,Kwantung Leased Territory (Leased),
"Kwantung, leased territory",Kwantung Leased Territory,Kwantung Leased Territory (Leased),
"La Baleine, au Groënland, au Bresil et Madagascar","La Baleine, au Groënland, au Bresil et Madagascar",***NA,
La Chine,La Chine,China (People's Republic of China),
La Morue Ã  Terre-Neuve,La Morue Ã  Terre-Neuve,***NA,
Labrador,Labrador,Labrador,
Ladrone Island,Ladrone Island,Mariana Is.,
Le Cap,Le Cap,Cape Town,
Le Levant et l'Empire Ottoman,Le Levant et l'Empire Ottoman,Levant & Turkey,
Letland,Letland,Latvia,
Letonia,Latvia,Latvia,
Lettonia,Latvia,Latvia,
Levant and Black Sea,Levant and Black Sea,Black Sea & Levant,
Libia,Libya (Tripolitania Cyrenaica Fezzan),Libya (Tripolitania Cyrenaica Fezzan),
Libye,Libya (Tripolitania Cyrenaica Fezzan),Libya (Tripolitania Cyrenaica Fezzan),
Libérie,Libérie,Liberia,
Liechtenstein,Liechtenstein,Liechtenstein,
Litauen,Lithuania,Lithuania,
Litauen en Memel,Litauen en Memel,Lithuania & Memel,
Lituania,Lithuania,Lithuania,
Lourenço Marques,Lourenço Marques,Maputo,
Loyalty Islands,Loyalty Islands,Loyalty Is.,
Lussemburgo,Lussemburgo,Luxemburg,
Luxemburg,Luxemburg,Luxemburg,
Luxemburgo,Luxemburg,Luxemburg,
Lybia,Libya (Tripolitania Cyrenaica Fezzan),Libya (Tripolitania Cyrenaica Fezzan),
Líbano,Líbano,Lebanon,
Macquarie Island,Macquarie Island,Macquarie I.,
Madagascar & Mayotte & Nossi-Bé,Madagascar & Mayotte & Nossi-Bé,Malagasy Republic (Madagascar) & Mayotte & Nossi Be,
Madagascar and Kerguelon,Madagascar and Kerguelon,Kerguelen Is. & Malagasy Republic (Madagascar),
Madagascar et dépendances,Malagasy Republic (Madagascar) & Madagascar dependencies,Malagasy Republic (Madagascar) & Malagasy Republic (Madagascar) Dependencies,
Madagascar et dépendances (Mayotte compris),Malagasy Republic (Madagascar) & Madagascar dependencies,Malagasy Republic (Madagascar) & Malagasy Republic (Madagascar) Dependencies,
"Madagascar, enz.","Madagascar, enz.",Malagasy Republic (Madagascar),
Makatea Island,Makatea Island,Makatea Is.,
Malakka,Malakka,Malacca,
"Malakka, N.W. Borneo","Malakka, N.W. Borneo",Malaysia (Malaya),
Malasia británica,Malasia británica,Malaysia (Malaya),
Malay,Malay,Malaysia (Malaya),
Malesia Brit. (Stab. Str.),Malesia Brit. (Stab. Str.),Straits Settlements,
"Malta, Gozo, and Cyprus","Malta, Gozo, and Cyprus",Cyprus & Gozo & Malta,
Malte & Gibraltar,Malte & Gibraltar,Gibraltar & Malta,
Malvinas,Malvinas,Falkland Is.,
Manchukuo,Manchukúo,Manchukuo,
Manchukúo,Manchukúo,Manchukuo,
Manchuria,Manchuria,Manchuria,
Manciuria,Manciuria,Manchuria,
Mandchuria,Manchuria,Manchuria,
Mandsjoekwo en Kwantoeng,Mandsjoekwo en Kwantoeng,Kwangtung Territory (Leased) & Manchukuo,
Maroc (protectorat français),Maroc (protectorat français),Morocco,
Maroc espagnol,Maroc espagnol,Spanish Morocco,
Maroc espagnol et Iles Canaries,Maroc espagnol et Iles Canaries,Canary Is. & Spanish Morocco,
Maroc français,Maroc français,Morocco,
Marocco,Morocco,Morocco,
Marokko,Morocco,Morocco,
Marokko (beh. Spaansch Mar.),Marokko (beh. Spaansch Mar.),Morocco,
Marrocos,Marrocos,Morocco,
Marruecos (Zona española),Marruecos (Zona española),Spanish Morocco,
Marruecos (Zona francesa),Marruecos (Zona francesa),Morocco,
Marruecos (Zona internacional),Marruecos (Zona internacional),Tangier,
Marruecos español,Marruecos español,Spanish Morocco,
Marruecos francés,Marruecos francés,Morocco,
"Marruecos, Tánger y Z.I","Marruecos, Tánger y Z.I",Tangier,
"Marruecos, Z.E","Marruecos, Z.E",Spanish Morocco,
"Marruecos, Z.F","Marruecos, Z.F",Morocco,
"Marruecos, Z.I","Marruecos, Z.I",Tangier,
Marshall Islands,Marshall Islands,Marshall Is.,
Martinica,Martinica,Martinique,
Maskat Territory and Trucial Oman,Muscat Territory and Trucial Oman,Muscat & United Arab Emirates (Trucial Oman),
Mauricia,Mauritius,Mauritius,
Mauricio,Mauritius,Mauritius,
Mauricios,Mauricios,Mauritius,
Mauritius and Dependencies and Seychelles,Mauritius and Dependencies and Seychelles,Mauritius & Mauritius Dependencies & Seychelles,
Mauritius c.a.,Mauritius c.a.,Mauritius,
Mazattan,Mazattan,Mazatlán,
Mekran and Sonmiáni,Mekran and Sonmiáni,Makran & Sonmiani,
Mesopotamie,Mesopotamie,Iraq (Mesopotamia),
Messico,Messico,Mexico,
Mexico and Central America and Panama,Mexico and Central America and Panama,Central America & Mexico & Panama,
"Milanais, Toscane et Lucques","Milanais, Toscane et Lucques",Lucca & Milan & Tuscany,
Milanais-Toscane,Milanais-Toscane,Milan & Tuscany,
Milanès et Toscane,Milanès et Toscane,Milan & Tuscany,
Miquelon and St. Pierre Islands,Miquelon and St. Pierre Islands,St. Pierre and Miquelon,
"Miquelon, Langley, etc","Miquelon, Langley, etc",St. Pierre and Miquelon,
Molucca Islands,Molucca Islands,Maluku Islands (Mollucas),
Mombaça,Mombaça,Mombaça,
Monténegro,Monténegro,Montenegro,
Morocco and Algeria,Morocco and Algeria,Algeria & Morocco,
Moçambique,Moçambique,Mozambique,
Muscat Territory and Trucial Oman,Muscat Territory and Trucial Oman,Muscat & Kuweit & Oman & United Arab Emirates (Trucial Oman),
"Muscat and Oman, Trucial Oman and Koweit","Muscat and Oman, Trucial Oman and Koweit",Muscat & Kuweit & Oman & United Arab Emirates (Trucial Oman),
Mónaco,Mónaco,Monaco,
Naples-Sicile,Naples-Sicile,Naples & Sicily,
Nauru and Western Samoa,Nauru and Western Samoa,Nauru & Western Samoa,
Ned. Oost-Indië,Ned. Oost-Indië,Indonesia (Dutch East Indies),
"Ned. Oost-Indië, behalve Celebes","Ned. Oost-Indië, behalve Celebes",Indonesia (Dutch East Indies) (other),
Nederlandsch West-Indische bezittingen,Nederlandsch West-Indische bezittingen,Netherlands Antilles,
Nederlandsch-Indië,Nederlandsch-Indië,Indonesia (Dutch East Indies),
Netherlands Guiana,Netherlands Guiana,Surinam,
Netherlands India,Indonesia (Dutch East Indies),Indonesia (Dutch East Indies),
Netherlands Indies,Indonesia (Dutch East Indies),Indonesia (Dutch East Indies),
Neu Pommern,Neu Pommern,New Guinea (German New Guinea) (Kaiser Wilhelmsland),
New Guinea,New Guinea,New Guinea (German New Guinea) (Kaiser Wilhelmsland),
New Zealand and Nauru and British Samoa,New Zealand and Nauru and British Samoa,Nauru & New Zealand & Western Samoa,
New-Foundland en Labrador,New-Foundland en Labrador,Newfoundland & Labrador,
Nieuw-Zeeland,New Zealand,New Zealand,
Nigeria (including Cameroons),Nigeria (including Cameroons),British Cameroons & Nigeria,
Nigeria and British Mandated Territory of Cameroons,Nigeria and British Mandated Territory of Cameroons,British Cameroons & Nigeria,
Non-Federated Malay States,Non-Federated Malay States,Unfederated Malay States,
Noord-Ierland,Noord-Ierland,Northern Ireland,
Noorwegen,Noorwegen,Norway,
Norfolk Island,Norfolk Island,Norfolk I.,
Norte-América,Norte-América,Northern America,
North Africa,North Africa,Northern Africa,
North American Colonies,North American Colonies,British North America,
Northern Nigeria and British Mandated Territory of Cameroons,Northern Nigeria and British Mandated Territory of Cameroons,British Cameroons & Northern Nigeria,
Northern Rhodesia and Southern Rhodesia,Northern Rhodesia and Southern Rhodesia,Zambia (Northern Rhodesia) & Zimbabwe (Rhodesia) (Southern Rhodesia),
Northern USSR,Northern USSR,Russia/USSR (North),
Northern Whale Fisheries,Northern Whale Fisheries,***NA,
Norvegia,Norvegia,Norway,
Nouvelle Calédonie et autres établissements français en Océanie,Nouvelle Calédonie et autres établissements français en Océanie,French Oceania (other) & New Caledonia,
Nouvelles Galles du Sud,Nouvelles Galles du Sud,New South Wales,
Nova Zelandia,New Zealand,New Zealand,
Nueva Zelanda,New Zealand,New Zealand,
Nueva Zelandia,New Zealand,New Zealand,
Nuova Zelanda,New Zealand,New Zealand,
Oasis sahariennes,Oasis sahariennes,Sahara,
Oceania - Possessoes Americanas,Oceania - Possessoes Americanas,American Oceania,
Oceania - Possessoes Britannicas,Oceania - Possessoes Britannicas,British Oceania,
Oceania - Possessoes Hollandezas,Oceania - Possessoes Hollandezas,Dutch Oceania,
Oceania-Diversas Possessoes Britannicas,Oceania-Diversas Possessoes Britannicas,British Oceania,
Oceanië,Oceanië,Oceania,
Océanie allemande,Océanie allemande,German Oceania,
Océanie anglaise et autres,Océanie anglaise et autres,British Oceania,
"Océanie anglaise, Australie et Tasmanie","Océanie anglaise, Australie et Tasmanie",Australia & British Oceania & Tasmania,
"Océanie anglaise, Nouvelle-Zélande","Océanie anglaise, Nouvelle-Zélande",British Oceania & New Zealand,
"Océanie anglaise, toutes autres",Océanie anglaise et autres,British Oceania,
Océanie française,Océanie française,French Oceania,
Océanie possessions britanniques,Océanie possessions britanniques,British Oceania,
Océanie possessions des Etats-Unis,Océanie possessions des Etats-Unis,American Oceania,
Olanda,Netherlands,Netherlands,
Ontario et Québec,Ontario et Québec,Ontario (Upper Canada) & Quebec (Lower Canada),
Oostenrijk,Oostenrijk,Austria,
Oostenrijk-Hongarije,Oostenrijk-Hongarije,Austria-Hungary,
Orange Free State,Orange Free State,Orange Free State (Orange River Colony),
Other Arabian Native States,Other Arabian Native States,Arabia (other),
Other Asiatic countries,Other Asiatic countries,Asia (other),
Other Bristish East Indies,British East Indies (other),British East Indies (other),
Other Bristish West Africa,British West Africa (other),British West Africa (other),
Other British East Indies,British East Indies (other),British East Indies (other),
Other British Islands in the Pacific,Other British Islands in the Pacific,British Oceania (other),
Other British Oceania,Other British Oceania,British Oceania (other),
Other British Pacific Islands,Other British Pacific Islands,British Oceania (other),
Other British South Africa,South Africa (other),South Africa (other),
Other British West Africa,British West Africa (other),British West Africa (other),
Other British West India Islands,Other British West India Islands,British Antilles (other),
Other Chinese ports,Other Chinese ports,Chinese Ports (other),
Other East African Ports,Other East African Ports,East Africa Ports (other),
Other Frech Africa,Other French Africa,French Africa (other),
Other French Africa,Other French Africa,French Africa (other),
Other Italian Africa,Other Italian Africa,Italian Africa (other),
Other Netherlands East Indies,Other Netherlands East Indies,Indonesia (Dutch East Indies) (other),
Other Oceania,Oceania (other),Oceania (other),
Other Pacific Islands,Other Pacific Islands,Oceania (other),
Other Portuguese Africa,Other Portuguese Africa,Portuguese Africa (other),
Other South Africa,South Africa (other),South Africa (other),
Other Spanish Africa,Other Spanish Africa,Spanish Africa (other),
Other Spanish possessions,Other Spanish possessions,Spanish Colonies (other),
Other Spanish possessions ,Other Spanish possessions,Spanish Colonies (other),
Other West India Islands,Other West India Islands,Antilles (other),
Other West Indies Islands,Other West India Islands,Antilles (other),
Other countries in North Africa,Other countries in North Africa,Northern Africa (other),
Other countries in South America,Other countries in South America,Southern America (other),
Other native states (Arabia),Arabia (other),Arabia (other),
Other native states in Arabia,Arabia (other),Arabia (other),
Otras naciones,Otras naciones,World (other),
Otras procedencias,Otras procedencias,World (other),
Otro países,Otro países,World (other),
Otros destinos,Otros destinos,World (other),
Otros paises,Other countries,World (other),
Outras Possessoes Britannicas,Outras Possessoes Britannicas,British Colonies (other),
Outros Paizes,Other countries,World (other),
Overige Britsche bezittingen in Amerika,Overige Britsche bezittingen in Amerika,British America (other),
P. bel. Africa,P. bel. Africa,Belgian Africa,
P. dan. en Europa,P. dan. en Europa,Danish Europe,
P. fran. Africa,P. fran. Africa,French Africa,
P. fran. América,P. fran. América,French America,
P. fran. Asia,P. fran. Asia,French Asia,
P. hol. América,P. hol. América,Dutch America,
P. hol. Asia,P. hol. Asia,Dutch Asia,
P. hol. Oceanía,P. hol. Oceanía,Dutch Oceania,
P. ing. Africa,P. ing. Africa,British Africa,
P. ing. América,P. ing. América,British America,
P. ing. Asia,P. ing. Asia,British Asia,
P. ing. Europa,P. ing. Europa,British Europe,
P. ing. Oceania,P. ing. Oceania,British Oceania,
P. port. Africa,P. port. Africa,Portuguese Africa,
P. port. Asia,P. port. Asia,Portuguese Asia,
Paesi Bassi,Paesi Bassi,Netherlands,
Paises Bajos,Países Bajos,Netherlands,
Palaos Island,Palaos Island,Palau,
Palestina,Palestina,Palestine,
Palestina en Cyprus,Palestina en Cyprus,Cyprus & Palestine,
Palestine (including Trans-Jordan),Palestine (including Trans-Jordan),Jordan (Transjordan) & Palestine,
Palestine and Syria,Palestine and Syria,Palestine & Syria,
Panama (including Canal Zone),Panama (including Canal Zone),Panama & Panama Canal Zone,
Panama Canal Zone,"Panama, Canal zone",Panama Canal Zone,
Panama and Panama Canal Zone,Panama and Panama Canal Zone,Panama & Panama Canal Zone,
"Panama, Canal zone","Panama, Canal zone",Panama Canal Zone,
"Panama, Republic of","Panama, Republic of",Panama,
"Panama, enz.","Panama, enz.",Panama,
Panamà,Panamá,Panama,
Panamá,Panamá,Panama,
Pays Rhénans occupés,Pays Rhénans occupés,Rhineland,
Países Bajos,Países Bajos,Netherlands,
Peru e Chili,Peru e Chili,Chile & Peru,
Peru en Bolivia,Peru en Bolivia,Bolivia & Peru,
Perzië,Perzië,Iran (Persia),
Perzië (Iran) en Afghanistan,Perzië (Iran) en Afghanistan,Afghanistan & Iran (Persia),
Perù,Perú,Peru,
Perú,Perú,Peru,
Peñón de la Gomera,Peñón de la Gomera,Penon de Velez,
Philippijnen,Philippijnen,Philippines,
Philippinas,Philippinas,Philippines,
Philippine Islands and Guam,Philippine Islands and Guam,Guam & Philippines,
Pitcairn Islands,Pitcairn Islands,Pitcairn Is.,
Pleasant Island (Nauru),Pleasant Island (Nauru),Nauru,
Poland (including Dantzig),Poland (including Dantzig),Danzig & Poland,
Poland and Danzig,Poland and Danzig,Danzig & Poland,
Polen,Poland,Poland,
Polen en Danzig,Polen en Danzig,Danzig & Poland,
Polonia,Poland,Poland,
Polonia-Danzica,Polonia-Danzica,Danzig & Poland,
Polynesië,Polynesië,Polynesia,
Port de Marseille,Port de Marseille,Marseille,
Port. Bez. In Zuid-Afrika,Port. Bez. In Zuid-Afrika,Portuguese South Africa,
Port. Oost-Afrika,Port. Oost-Afrika,Portuguese East Africa,
Port. West-Afrika,Port. West-Afrika,Portuguese West Africa,
Portogallo,Portogallo,Portugal,
Portorico,Portorico,Puerto Rico,
Portos Ingleses,Portos Ingleses,British Ports,
Portos da Gra-Bretanha (a ordem),Portos da Gra-Bretanha (a ordem),British Ports,
Portugal and Azores and Madeira,Portugal and Azores and Madeira,Azores (Western Isles) & Madeira Isles & Portugal,
Portugeesch Oost-Afrika,Portugeesch Oost-Afrika,Portuguese East Africa,
Portugeesch West-Afrika,Portugeesch West-Afrika,Portuguese West Africa,
Portugeesch voor-Indië,Portugeesch voor-Indië,Portuguese India (incl. Goa Diu Daman),
Portugeesch-Guinea,Guinea-Bissau (Portuguese Guinea),Guinea-Bissau (Portuguese Guinea),
"Portugeesch-Guinea, enz.","Portugeesch-Guinea, enz.",Guinea-Bissau (Portuguese Guinea),
Portugese East Indies,Portugese East Indies,Portuguese Asia,
Portuguese Asia,Portuguese Asia,Portuguese Asia,
Portuguese Guinea,Guinea-Bissau (Portuguese Guinea),Guinea-Bissau (Portuguese Guinea),
Portuguese India,Portuguese India,Portuguese India (incl. Goa Diu Daman),
Portuguese Possessions in China,Portuguese Possessions in China,Portuguese China,
Portuguese Timor,Portuguese Timor,Portuguese Timor,
Portuguese West Africa and Angola,Portuguese West Africa and Angola,Angola & Portuguese West Africa,
Posesiones británicas,Posesiones británicas,British Colonies,
Posesiones danesas en América,Posesiones danesas en América,Danish America,
Posesiones danesas en Europa,Posesiones danesas en Europa,Danish Europe,
Posesiones españolas,Posesiones españolas,Spanish Colonies,
Posesiones francesas,Posesiones francesas,French Colonies,
Posesiones francesas de Asia y Oceanía,Posesiones francesas de Asia y Oceanía,French Asia & French Oceania,
Posesiones francesas en América,Posesiones francesas en América,French America,
Posesiones holandesas,Posesiones holandesas,Dutch Colonies,
Posesiones holandesas en América,Posesiones holandesas en América,Dutch America,
Posesiones inglesas de Asia y Oceanía,Posesiones inglesas de Asia y Oceanía,British Asia & British Oceania,
Posesiones inglesas en América,Posesiones inglesas en América,British America,
Possedimenti Inglesi in Asia,Possedimenti Inglesi in Asia,British Asia,
Possedimenti Olandesi,Possedimenti Olandesi,Dutch Colonies,
Possession danoise en Amérique,Possession danoise en Amérique,Danish America,
Possessions anglaises dans l'Atlantique Sud,Possessions anglaises dans l'Atlantique Sud,British South Atlantic,
Possessions anglaises dans l'Océan Pacifique,Possessions anglaises dans l'Océan Pacifique,British Oceania,
Possessions anglaises en Afrique occidentale,Possessions anglaises en Afrique occidentale,British West Africa,
Possessions anglaises en Afrique orientale,Possessions anglaises en Afrique orientale,British East Africa,
Possessions anglaises en Amérique du Nord - Canada,Possessions anglaises en Amérique du Nord - Canada,Canada,
Possessions espagnoles dans l'Océan Pacifique,Possessions espagnoles dans l'Océan Pacifique,Spanish Oceania,
Possessions espagnoles en Afrique,Possessions espagnoles en Afrique,Spanish Africa,
Possessions italiennes en Afrique,Possessions italiennes en Afrique,Italian Africa,
Prises et saisies,Prises et saisies,***NA,
Prises et saisies et séquestres,Prises et saisies,***NA,
Protectorate of South-West Africa,South-West Africa Protectorate,South West Africa (German West Africa) (Namibia),
Province d'Ontario,Province d'Ontario,Ontario (Upper Canada),
Province de Québec,Province de Québec,Quebec (Lower Canada),
Provinces de l'Amérique Britannique du Nord,Provinces de l'Amérique Britannique du Nord,British North America,
Provisions de bord,Provisions de bord,***NA,
Provv. Bordo bast. Est.,Provv. Bordo bast. Est.,***NA,
Pruisen,Pruisen,Prussia,
Prusse - par mer,Prusse - par mer,Prussia,Ajouter note dans colonne transport_type
Punto franco Fiume,Punto franco Fiume,Fiume,
Punto franco Trieste,Punto franco Trieste,Trieste,
Pérou (Bas Pérou),Pérou (Bas Pérou),Peru,
Pêches sur nos côtes Hareng (simple apperçu),Pêches sur nos côtes Hareng (simple apperçu),***NA,
Pêches sur nos côtes Maquereaux (simple apperçu),Pêches sur nos côtes Maquereaux (simple apperçu),***NA,
Pêches sur nos côtes Sardines (simple apperçu),Pêches sur nos côtes Sardines (simple apperçu),***NA,
Raguse,Raguse,Ragusa,
Red Sea,Red Sea,Red Sea,
Reg. Art. e Antart. -Pesca,Reg. Art. e Antart. -Pesca,***NA,
Regencia de Tunis,Regencia de Tunis,Tunisia,
Regno Unito,United Kingdom,United Kingdom,
Reino Unido,United Kingdom,United Kingdom,
Republics of Central America,Republics of Central America,Central America,
República Arjentina,República Arjentina,Argentina,
República Dominica,República Dominica,Dominican Republic (Santo Domingo),
Reunion Island,Reunion Island,Reunion,
Rhodes,Rhodes,Rhode Is.,
Rhodes Island,Rhodes Island,Rhode Is.,
"Rhodesia, enz.","Rhodesia, enz.",Zimbabwe (Rhodesia) (Southern Rhodesia),
"Rio de la Plata (Buenos-Ayres, enz.)","Rio de la Plata (Buenos-Ayres, enz.)",Viceroyalty of La Plata,
Roemenië,Romania,Romania,
Rome et Venise,Rome et Venise,Papal States & Republic of St. Mark,
Ross Sea,Ross Sea,Ross Sea,
Roumélie orientale,Roumélie orientale,Eastern Rumelia,
Royaume d'Espagne,Royaume d'Espagne,Spain,
Royaume d'Espagne et ses colonies,Royaume d'Espagne et ses colonies,Spain & Spanish Colonies,
Royaume d'Etrurie,Royaume d'Etrurie,Kingdom of Etruria,
Royaume de Danemark,Royaume de Danemark,Denmark,
Royaume de Danemark et ses colonies,Royaume de Danemark et ses colonies,Danish Colonies & Denmark,
Royaume de Gênes,Royaume de Gênes,Genoa,
Royaume de Hollande,Royaume de Hollande,Netherlands,
Royaume de Naples,Royaume de Naples,Two Sicilies,
Royaume de Pays-Bas,Royaume de Pays-Bas,Netherlands,
Royaume de Pays-Bas et ses colonies,Royaume de Pays-Bas et ses colonies,Dutch Colonies & Netherlands,
Royaume de Prusse,Royaume de Prusse,Prussia,
Royaume de Sardaigne,Royaume de Sardaigne,Kingdom of Sardinia,
Royaume de Suisse,Royaume de Suisse,Switzerland,
Royaume de Suède,Royaume de Suède,Sweden,
Royaume de Suède et ses colonies,Royaume de Suède et ses colonies,Sweden & Swedish Colonies,
Royaume du Portugal,Royaume du Portugal,Portugal,
Royaume du Portugal et ses colonies,Royaume du Portugal et ses colonies,Portugal & Portuguese Colonies,
Rumanië,Romania,Romania,
Rusland,Rusland,Russia/USSR,
Rusland in Azië,Rusland in Azië,Asian Russia,
Rusland in Europa,Rusland in Europa,European Russia,
Russia (USSR),Russia (USSR),Russia/USSR,
Russia Asiatica,Russia Asiatica,Asian Russia,
Russia Baltic and White Sea Ports,Russia Baltic and White Sea Ports,Russia (Baltic Sea) & Russia (White Sea),
Russia Black Sea Ports,Russia Black Sea Ports,Russia (Black Sea),
Russia Européa,Russia Européa,European Russia,
Russia and Siberia by land frontier,Russia and Siberia by land frontier,Russia and Siberia (land),
Russia and Siberia via Kiakhta,Russia and Siberia via Kiakhta,Russia and Siberia (Kiakhta),
"Russia, Amur Ports","Russia, Amur Ports",Amur River Ports,
"Russia, European Ports","Russia, European Ports",Russia (European Ports),
"Russia, Odessa by sea","Russia, Odessa by sea",Odessa,
"Russia, Pacific Ports","Russia, Pacific Ports",Russia (Pacific Ports),
Russian Turkestan,Russian Turkestan,Russian Turkestan,
Russie (mer Baltique),Russie (mer Baltique),Russia (Baltic Sea),
Russie/URSS,Russie/URSS,Russia/USSR,
Régence de Tripoli,Régence de Tripoli,Libya (Tripolitania Cyrenaica Fezzan),
Régions arctiques et antarctiques,Régions arctiques et antarctiques,Antarctic & Arctic,
République de Gênes,République de Gênes,Genoa,
République de Suisse,République de Suisse,Switzerland,
République de Venise,République de Venise,Republic of St. Mark,
Río de Oro,Río de Oro,Río de Oro,
Saar,Saar,Saar,
Saar Basin,Saar Basin,Saar,
Saargebied,Saargebied,Saar,
Saint Christopher,Saint Christopher,St. Kitts,
Saint Pierre-et-Miquelon,Saint Pierre-et-Miquelon,St. Pierre and Miquelon,
Saint Pierre-et-Miquelon et Grande Pêche,Saint Pierre-et-Miquelon et Grande Pêche,St. Pierre and Miquelon,
Saint pierre et miquelon et Grande Pêche,Saint Pierre-et-Miquelon et Grande Pêche,St. Pierre and Miquelon,
Salonique,Salonique,Thessaloniki,
San Domingo (Dominican Republic),San Domingo (Dominican Republic),Dominican Republic (Santo Domingo),
Santa Lucia,Santa Lucia,St. Lucia,
Sao Domingos,Sao Domingos,Dominican Republic (Santo Domingo),
Sao Salvador,Sao Salvador,El Salvador,
Sarre,Sarre,Saar,
Saudi Arabia,Saudi Arabia,Saudi Arabia (Kingdom of Hejaz and Nedj),
Saudi Arabia and Yemen,Saudi Arabia and Yemen,Saudi Arabia (Kingdom of Hejaz and Nedj) & Yemen,
Saïgon,Saïgon,Ho Chi Minh City,
Serb-Croat-Slovene State,Yugoslavia/Serbia,Yugoslavia/Serbia,
"Serbes, Croates et Slovènes (royaume)","Serbes, Croates et Slovènes (royaume)",Yugoslavia/Serbia,
Serbia e Montenegro,Serbia e Montenegro,Montenegro & Yugoslavia/Serbia,
"Serbia, Montenegro and Albania","Serbia, Montenegro and Albania",Albania & Montenegro & Yugoslavia/Serbia,
Serbie et Croatie,Serbie et Croatie,Croatia & Yugoslavia/Serbia,
Serbie et Monténégro,Serbie et Monténégro,Montenegro & Yugoslavia/Serbia,
"Serbie, Croatie, Slovénie",Yugoslavia/Serbia,Yugoslavia/Serbia,
Servië,Servië,Yugoslavia/Serbia,
Siam (Thailand),Siam (Thailand),Thailand (Siam),
Siam and Salang and Junk Ceylon,Siam and Salang and Junk Ceylon,Phuket Province & Thailand (Siam),
Siao,Siao,Thailand (Siam),
Siberië,Siberië,Siberia,
"Singapore, Straits Settlements, etc.","Singapore, Straits Settlements, etc.",Singapore & Straits Settlements,
Singapura,Singapura,Singapore,
Siria,Siria,Syria,
Smyrna,Smyrna,Izmir (Smyrna),
Society Islands,Society Islands,Society Is.,
Solomon Islands,Solomon Islands,Solomon Islands,
Somalia italiana,Somalia italiana,Italian Somaliland,
Somalilandia británica,Somalilandia británica,British Somaliland (Somaliland Republic),
Somalilandia italiana,Somalilandia italiana,Italian Somaliland,
South African Republic,South African Republic,South Africa,
South African Union,South African Union,South Africa,
South Australia and Northern Territory,South Australia and Northern Territory,Northern Territory & South Australia,
South West Africa Protectorate,South-West Africa Protectorate,South West Africa (German West Africa) (Namibia),
South-West Africa Protectorate,South-West Africa Protectorate,South West Africa (German West Africa) (Namibia),
South-West Africa Territory,South-West Africa Territory,South West Africa (German West Africa) (Namibia),
Southern USSR,Southern USSR,Southern Russia/USSR,
Southern Whale Fisheries,Southern Whale Fisheries,***NA,
Soviet Russia in Asia,Soviet Russia in Asia,Asian Russia,
Soviet Russia in Europe,Soviet Russia in Europe,European Russia,
Sowjet-Rusland,Sowjet-Rusland,Russia/USSR,
Spaansch West-Afrika,Spanish West Africa,Spanish West Africa,
Spaansch-Marokko,Spanish Morocco,Spanish Morocco,
Spagna,Spagna,Spain,
"Spagna, Gibilterra e Portogallo","Spagna, Gibilterra e Portogallo",Gibraltar & Portugal & Spain,
Spanish East Indies,Spanish East Indies,Spanish East Indies,
Spanish Morocco,Spanish Morocco,Spanish Morocco,
Spanish Ports in the North Africa,Spanish Ports in the North Africa,Spanish North Africa (ports),
Spanish West Africa,Spanish West Africa,Spanish West Africa,
Spanish possessions in the Pacific Ocean,Spanish possessions in the Pacific Ocean,Spanish Oceania,
Spanje,Spanje,Spain,
St. Helena and Ascension,St. Helena and Ascension,Ascension I. & St. Helena,
St. Thomas Island,St. Thomas Island,St. Thomas,
Stab. Franc. Dell'India,Stab. Franc. Dell'India,French India,
Stabilimenti dello Stretto,Stabilimenti dello Stretto,Straits Settlements,
Stati Uniti,Stati Uniti,United States of America,
Stati Uniti e Canada,Stati Uniti e Canada,Canada & United States of America,
Stati del Plata,Stati del Plata,Viceroyalty of La Plata,
Stati dell'America Centrale,Stati dell'America Centrale,Central America,
Straits Settlements and FMS,Straits Settlements and FMS,Federated Malay States & Straits Settlements,
Straits Settlements and Labuan,Straits Settlements and Labuan,Labuan I. & Straits Settlements,
Sud-Africa,South Africa,South Africa,
Sudao Anglo-Egypcio,Sudao Anglo-Egypcio,Sudan (Anglo-Egyptian),
Sudoeste Africano Inglez,Sudoeste Africano Inglez,British Sud-West Afrika,
Sudán,Sudán,Sudan (Anglo-Egyptian),
Sudán Anglo-egipcio,Sudán Anglo-egipcio,Sudan (Anglo-Egyptian),
Sudán francés,Sudán francés,Mali (French Sudan) (Upper Senegal and Niger),
Suecia e Noruega,Suecia e Noruega,Norway & Sweden,
Suissa,Suissa,Switzerland,
"Suisse, ses Alliées et Genève","Suisse, ses Alliées et Genève",,
Suma total,Suma total,World,
Surprise Island,Surprise Island,Surprise Is.,
Svezia,Svezia,Sweden,
Svezia e Norvegia,Svezia e Norvegia,Norway & Sweden,
"Svezia, Norvegia e Danimarca","Svezia, Norvegia e Danimarca",Denmark & Norway & Sweden,
Svizzera,Svizzera,Switzerland,
Syrie (mandat français),Syrie (mandat français),Syria,
Syrië,Syrië,Syria,
Tabago et Sainte-Lucie,Tabago et Sainte-Lucie,St. Lucia & Tobago,
Taganyika,Taganyika,Tanzania (Tanganyika) (German East Africa),
Tahiti,Tahiti,Tahiti,
Tanger,Tanger,Tangier,
Tangier Morocco,Tangier Morocco,Tangier,
Tatakotoroa Island,Tatakotoroa Island,Clarke Is.,
Tchecoslovaquia,Czechoslovakia,Czechoslovakia,
Terra Nova,Terreneuve,Newfoundland,
Terranova,Terreneuve,Newfoundland,
Terreneuve,Terreneuve,Newfoundland,
Territoires nouvellement occupés,Territoires nouvellement occupés,Central Powers Occupied Territories,
Thrace,Thrace,Thrace,
Togo (mandat français),Togo (mandat français),Togo (French Togoland),
Tongking,Tongking,Tonkin,
Totaal,World,World,
Totaes,Totaes,World,
Total exempt de droits de douane,Total exempt de droits de douane,World (other),Ajouter en note dans colonne partner_sum : ne doit pas être inclus dans world sum partner
Total soumis aux droits de douane,Total soumis aux droits de douane,World (other),Ajouter en note dans colonne partner_sum : ne doit pas être inclus dans world sum partner
Totale,World,World,
Totales,World,World,
Totals,World,World,
Totaux (étranger + France),Totaux (étranger + France),World,
Traite des noirs et de la gomme,Traite des noirs et de la gomme,***NA,
Trindade,Trindade,Trinidad,
Trinidad y Tobago,Trinidad y Tobago,Trinidad and Tobago,
Tripoli (Libya),Tripoli (Libya),Libya (Tripolitania Cyrenaica Fezzan),
Tripoli (Turquie d'Afrique),Tripoli (Turquie d'Afrique),Libya (Tripolitania Cyrenaica Fezzan),
Tripoli en Bengazi,Tripoli en Bengazi,Benghazi & Libya (Tripolitania Cyrenaica Fezzan),
Tripolis,Tripolis,Libya (Tripolitania Cyrenaica Fezzan),
Tripolitaine et Cyrénaïque,Tripolitaine et Cyrénaïque,Libya (Tripolitania Cyrenaica Fezzan),
Tripolitania,Tripolitania,Libya (Tripolitania Cyrenaica Fezzan),
Tripolitania e Cirenaica,Tripolitania e Cirenaica,Libya (Tripolitania Cyrenaica Fezzan),
Trípoli,Trípoli,Libya (Tripolitania Cyrenaica Fezzan),
Tsjechoslowakije,Czechoslovakia,Czechoslovakia,
Tunisi e Tripoli,Tunisi e Tripoli,Libya (Tripolitania Cyrenaica Fezzan) & Tunisia,
Tunisie (protectorat français),Tunisie (protectorat français),Tunisia,
Turchia,Turkey,Turkey,
Turchia Asia,Turchia Asia,Asian Turkey,
Turchia Asiatica,Asian Turkey,Asian Turkey,
Turchia Europea,European Turkey,European Turkey,
Turkey (Europe and Asia),Turkey (Europe and Asia),Turkey,
Turkey in Asia and Europe,Turkey in Asia and Europe,Turkey,
"Turkey in Asia, Egypt, and Aden","Turkey in Asia, Egypt, and Aden",Aden & Egypt/United Arab Republic & Asian Turkey,
"Turkey in Asia, Persia, Egypt, Algiers, Aden, etc.","Turkey in Asia, Persia, Egypt, Algiers, Aden, etc.",Aden & Algeria & Egypt/United Arab Republic & Iran (Persia) & Asian Turkey,
"Turkey, Persia, Egypt, Aden, Morocco and Algeria","Turkey, Persia, Egypt, Aden, Morocco and Algeria",Aden & Algeria & Egypt/United Arab Republic & Iran (Persia) & Morocco & Asian Turkey,
Turkije,Turkey,Turkey,
Turkije in Azië,Turkije in Azië,Asian Turkey,
Turkije in Europa,Turkije in Europa,European Turkey,
Turquia Européa,European Turkey,European Turkey,
Turquía,Turkey,Turkey,
Turquía asiática,Asian Turkey,Asian Turkey,
Túnez,Túnez,Tunisia,
URSS (Europe and Asia),URSS (Europe and Asia),Russia/USSR,
US Pacific Territory and Possessions,US Pacific Territory and Possessions,American Oceania,
US of America,US of America,United States of America,
US of America and Hawaii,US of America and Hawaii,Hawaii & United States of America,
USSR,USSR,Russia/USSR,
USSR Asiatic Routes,USSR Asiatic Routes,Russia (Pacific Ports) & Russia and Siberia (land),
USSR Baltic and White Sea Ports,USSR Baltic and White Sea Ports,Russia (Baltic Sea) & Russia (White Sea),
USSR Black Sea ports,USSR Black Sea ports,Russia (Black Sea),
USSR Pacific ports in Asia,USSR Pacific ports in Asia,Russia (Pacific Ports),
Ukraine,Ukraine,Ukraine,
Unfederated Malay States,Unfederated Malay States,Unfederated Malay States,
Ungheria,Hungary,Hungary,
Uniao Belgo-Luxemburguesa,Uniao Belgo-Luxemburguesa,Belgium & Luxemburg,
Uniao Sul Africana,Uniao Sul Africana,South Africa,
Unie Zuid-Afrika,South Africa,South Africa,
Unie van Zuid-Afrika,South Africa,South Africa,
Union Economique Belgo-Luxembourgeoise,Belgium & Luxemburg,Belgium & Luxemburg,
Union Island,Union Island,Tokelau Is.,
"Union douanière allemande (Allemagne, Brême, Hambourg, Lubeck)","Union douanière allemande (Allemagne, Brême, Hambourg, Lubeck)",Germany (Zollverein),
Union of South Africa and Rhodesia,Union of South Africa and Rhodesia,South Africa & Zimbabwe (Rhodesia) (Southern Rhodesia),
Union économique Belgo-Luxembourgeoise,Belgium & Luxemburg,Belgium & Luxemburg,
Unione sud Africa,South Africa,South Africa,
United Kingdom and Channel Islands,United Kingdom and Channel Islands,Channel Is. & South Africa,
United States of America and Alaska,United States of America and Alaska,Alaska & United States of America,
United States of America-Atlantic coast,United States of America-Atlantic coast,United States of America (Atlantic Coast),
United States of America-Pacific coast,United States of America-Pacific coast,United States of America (Pacific Coast),
Unión Soviética,Unión Soviética,Russia/USSR,
Unión Sud-Africana,South Africa,South Africa,
Unión Sudafricana,South Africa,South Africa,
Uruguay & Paraguay,Uruguay & Paraguay,Paraguay & Uruguay,
"Venezuela, enz.","Venezuela, enz.",Venezuela,
Ver. Staten van-Amerika,Ver. Staten van-Amerika,United States of America,
Victoria (Australie),Victoria (Australie),Victoria,
Villes hanséatiques-Hollande,Villes hanséatiques-Hollande,,
Virgin Islands of the United States,Virgin Islands of the United States,Virgin Islands (Danish West Indies),
Wei Hai Wei,Wei Hai Wei,Weihaiwei,
Weihaiwei,Wei Hai Wei,Weihaiwei,
"Whale Fisheries, Northern",Northern Whale Fisheries,***NA,
"Whale Fisheries, Southern",Southern Whale Fisheries,***NA,
Winward Islands,Winward Islands,Windward Is.,
Yemen,Yemen,Yemen,
Yugoeslavia,Yugoslavia/Serbia,Yugoslavia/Serbia,
Yugoslavia,Yugoslavia/Serbia,Yugoslavia/Serbia,
Yugoslavia & Albania,Yugoslavia & Albania,Albania & Yugoslavia/Serbia,
"Yugoslavia, Albania, and Fiume","Yugoslavia, Albania, and Fiume",Albania & Fiume & Yugoslavia/Serbia,
Zee,Zee,***NA,
Zona del Canal,Zona del Canal,Panama Canal Zone,
Zone franche,Zone franche,French America Free Zone,
Zuid-Afrika,South Africa,South Africa,
Zuidslavië,Zuidslavië,Yugoslavia/Serbia,
Zweden,Zweden,Sweden,
Zwitserland,Zwitserland,Switzerland,
congo et sénégal,congo et sénégal,Congo (Brazzaville) (French Congo) (Middle Congo) & Senegal,
"congo, sénégal et autres établissements français de la côte d'afrique","congo, sénégal et autres établissements français de la côte d'afrique",Congo (Brazzaville) (French Congo) (Middle Congo) & French Africa (other) & Senegal,
destination inconnue,destination inconnue,***NA,
enz. Br. En Fr. bez. In Z.-Amerika,enz. Br. En Fr. bez. In Z.-Amerika,British South America & French South America,
enz. New-Foundland,enz. New-Foundland,Newfoundland,
"la Morue, en Islande et Ithlande","la Morue, en Islande et Ithlande",***NA,
maroc zone espagnole,maroc zone espagnole,Spanish Morocco,
maroc zone française,maroc zone française,Morocco,
origine inconnue,origine inconnue,***NA,
sarre,Sarre,Saar,
togo et cameroun,togo et cameroun,Kamerun & Togo (French Togoland),
tripolitaine et Cyrénaïque,Tripolitaine et Cyrénaïque,Libya (Tripolitania Cyrenaica Fezzan),
tripolitaine et cyrénaïque,Tripolitaine et Cyrénaïque,Libya (Tripolitania Cyrenaica Fezzan),
union économique belgo-luxembourgeoise,Belgium & Luxemburg,Belgium & Luxemburg,
uruguay et paraguay,uruguay et paraguay,Paraguay & Uruguay,
établissements français en océanie,établissements français en océanie,French Oceania,
états barbaresques,états barbaresques,Barbary Coast,
